Fund Name,Category,Subcategory,Plan,1Y Return (%),3Y Return (%),5Y Return (%),Benchmark Name,Benchmark 1Y (%),Benchmark 3Y (%),Benchmark 5Y (%),Alpha,Beta,Sharpe Ratio,Std Dev,Mean Return (%),YTM (%),Macaulay Duration (yrs),Avg Credit Rating,Avg Maturity (yrs),Top Holdings Count,Fund URL,ISIN,Scheme Code,Alpha Score (4),Sharpe Score (4),Std Dev Score (4),Mean Return Score (4),Beta Score (2),YTM Score (1),Duration Score (1),Credit Score (1),Risk-Adj Perf (Alpha+Sharpe),Volatility & Return (StdDev+MeanRet+Beta),Debt Quality (YTM+Dur+Credit),Total Score (Available),Risk Category,Fund Rating
ABSL Long Duration Dir,commodity,Commodities: Gold,Direct,1.87,6.63,,Debt: Long Duration,1.75,6.19,,,,0.02,3.73,5.94,7.8,10.33,AAA,27.64,0,https://www.valueresearchonline.com/funds/42338/,INF209KB17J2,150484,,2,4,1,,1,0,0.5,2,5,1.5,8.5,Moderate Risk,Average
Axis Long Duration Dir,commodity,Commodities: Gold,Direct,1.59,6.05,,Debt: Long Duration,1.75,6.19,,,,-0.15,4.88,5.15,7.72,11.72,AAA,,0,https://www.valueresearchonline.com/funds/42912/,INF846K014L3,151179,,1,4,1,,1,0,0.5,1,5,1.5,7.5,Moderate Risk,Average
Bandhan Long Duration Dir,commodity,Commodities: Gold,Direct,2.82,,,Debt: Long Duration,1.75,,,,,,,,7.55,10.82,AAA,26.3,0,https://www.valueresearchonline.com/funds/44184/,INF194KB1HY2,152520,,,,,,1,0,0.5,,,1.5,1.5,Moderate Risk,Average
Franklin India Long Duration Fund Dir,commodity,Commodities: Gold,Direct,3.51,,,Debt: Long Duration,1.75,,,,,,,,6.66,4.38,GOI/Cash,8.95,0,https://www.valueresearchonline.com/funds/44764/,INF090I01XY7,153102,,,,,,0.5,1,1,,,2.5,2.5,Moderate Risk,Good
HDFC Long Duration Debt Dir,commodity,Commodities: Gold,Direct,1.53,6.13,,Debt: Long Duration,1.75,6.19,,,,-0.15,5.1,5.13,7.74,11.7,AAA,28.91,0,https://www.valueresearchonline.com/funds/43050/,INF179KC1ET7,151313,,1,4,1,,1,0,0.5,1,5,1.5,7.5,Moderate Risk,Average
ICICI Pru Long Term Bond Dir,commodity,Commodities: Gold,Direct,1.86,6.57,5.54,Debt: Long Duration,1.75,6.19,5.71,,,0.02,3.7,5.93,7.89,11.41,AAA,29.18,0,https://www.valueresearchonline.com/funds/15957/,INF109K017L8,120743,,2,4,1,,1,0,0.5,2,5,1.5,8.5,Moderate Risk,Average
Kotak Long Duration Dir,commodity,Commodities: Gold,Direct,0.62,,,Debt: Long Duration,1.75,,,,,,,,7.65,12.95,AAA,13.24,0,https://www.valueresearchonline.com/funds/44192/,INF174KA1RF5,152491,,,,,,1,0,0.5,,,1.5,1.5,Moderate Risk,Average
Mirae Asset Long Duration Dir,commodity,Commodities: Gold,Direct,1.46,,,Debt: Long Duration,1.75,,,,,,,,7.53,11.11,AAA,25.67,0,https://www.valueresearchonline.com/funds/44752/,INF769K01NC9,153105,,,,,,1,0,0.5,,,1.5,1.5,Moderate Risk,Average
Nippon India Nivesh Lakshya Long Duration Dir,commodity,Commodities: Gold,Direct,0.88,6.02,5.88,Debt: Long Duration,1.75,6.19,5.71,,,-0.15,4.17,5.24,7.67,10.61,AAA,21.61,0,https://www.valueresearchonline.com/funds/36522/,INF204KB1YQ1,143704,,1,4,1,,1,0,0.5,1,5,1.5,7.5,Moderate Risk,Average
SBI Long Duration Dir,commodity,Commodities: Gold,Direct,1.81,6.25,,Debt: Long Duration,1.75,6.19,,,,-0.1,4.7,5.4,7.54,10.83,GOI/Cash,,0,https://www.valueresearchonline.com/funds/42950/,INF200KA16T4,151214,,1,4,1,,1,0,1,1,5,2,8,Moderate Risk,Average
UTI Long Duration Dir,commodity,Commodities: Gold,Direct,1.33,5.7,,Debt: Long Duration,1.75,6.19,,,,-0.17,4.79,5.03,7.33,8.15,GOI/Cash,19.69,0,https://www.valueresearchonline.com/funds/43279/,INF789F1AYB5,151523,,1,4,1,,0.5,0,1,1,5,1.5,7.5,Moderate Risk,Average
360 ONE Flexicap Dir,commodity,Commodities: Silver,Direct,6.5,,,BSE 500 TRI,1.84,,,,,,,,,,,,25,https://www.valueresearchonline.com/funds/43547/,INF579M01AS1,151796,,,,,,,,,,,,,Moderately High Risk,
360 ONE Focused Dir,commodity,Commodities: Silver,Direct,4.01,13.71,13.99,BSE 500 TRI,1.84,13.36,12.53,0.8,0.92,0.56,14.61,14,,,,,25,https://www.valueresearchonline.com/funds/28458/,INF579M01902,131580,2,2,2,3,1,,,,4,6,,10,Moderately High Risk,Average
Abakkus Flexi Cap Dir,commodity,Commodities: Silver,Direct,,,,BSE 500 TRI,,,,,,,,,,,,,25,https://www.valueresearchonline.com/funds/45683/,INF2JJD01136,154043,,,,,,,,,,,,,Moderately High Risk,
ABSL Bal Bhavishya Yojna Dir,commodity,Commodities: Silver,Direct,5.27,13.57,10.89,BSE 500 TRI,1.84,13.36,12.53,0.92,0.97,0.56,15.43,14.57,,,,,25,https://www.valueresearchonline.com/funds/38821/,INF209KB1E84,146407,2,2,1,3,1,,,,4,5,,9,Moderately High Risk,Average
ABSL BSE 500 Momentum 50 Index Fund Dir,commodity,Commodities: Silver,Direct,,,,BSE 500 TRI,,,,,,,,,,,,,25,https://www.valueresearchonline.com/funds/45377/,INF209KC1589,153736,,,,,,,,,,,,,Moderately High Risk,
ABSL BSE 500 Quality 50 Index Dir,commodity,Commodities: Silver,Direct,,,,BSE 500 TRI,,,,,,,,,,,,,25,https://www.valueresearchonline.com/funds/45381/,INF209KC1613,153740,,,,,,,,,,,,,Moderately High Risk,
ABSL Flexi Cap Dir,commodity,Commodities: Silver,Direct,7.23,17.05,13.62,BSE 500 TRI,1.84,13.36,12.53,3.66,0.95,0.76,14.78,17.13,,,,,25,https://www.valueresearchonline.com/funds/15741/,INF209K01XX1,120564,3,2,2,3,1,,,,5,6,,11,Moderately High Risk,Average
ABSL Focused Dir,commodity,Commodities: Silver,Direct,3.19,15.25,13.1,BSE 500 TRI,1.84,13.36,12.53,2.15,0.9,0.66,14.15,15.2,,,,,25,https://www.valueresearchonline.com/funds/15883/,INF209K01WE3,119564,3,2,2,3,1,,,,5,6,,11,Moderately High Risk,Average
ABSL Retirement 30s Dir,commodity,Commodities: Silver,Direct,12.96,18.1,13.07,BSE 500 TRI,1.84,13.36,12.53,4.33,1,0.77,15.97,18.15,,,,,25,https://www.valueresearchonline.com/funds/39181/,INF209KB1I23,146575,4,2,1,4,1,,,,6,6,,12,Moderately High Risk,Average
Angel One Nifty Total Market ETF,commodity,Commodities: Silver,Direct,2.06,,,BSE 500 TRI,1.84,,,,,,,,,,,,25,https://www.valueresearchonline.com/funds/44964/,INF1J2R01015,153332,,,,,,,,,,,,,Moderately High Risk,
Angel One Nifty Total Market Index Dir,commodity,Commodities: Silver,Direct,2.01,,,BSE 500 TRI,1.84,,,,,,,,,,,,25,https://www.valueresearchonline.com/funds/44963/,INF1J2R01023,153330,,,,,,,,,,,,,Moderately High Risk,
Angel One Nifty Total Market Momentum Quality 50 ETF,commodity,Commodities: Silver,Direct,,,,BSE 500 TRI,,,,,,,,,,,,,25,https://www.valueresearchonline.com/funds/45605/,INF1J2R01148,153957,,,,,,,,,,,,,Moderately High Risk,
Angel One Nifty Total Market Momentum Quality 50 Index Dir,commodity,Commodities: Silver,Direct,,,,BSE 500 TRI,,,,,,,,,,,,,25,https://www.valueresearchonline.com/funds/45607/,INF1J2R01122,153956,,,,,,,,,,,,,Moderately High Risk,
Axis Flexi Cap Dir,commodity,Commodities: Silver,Direct,3.99,14.04,11.25,BSE 500 TRI,1.84,13.36,12.53,0.51,0.96,0.53,15.39,14.09,,,,,25,https://www.valueresearchonline.com/funds/34711/,INF846K01B28,141925,2,2,1,3,1,,,,4,5,,9,Moderately High Risk,Average
Axis Focused Dir,commodity,Commodities: Silver,Direct,-1.21,9.15,6.44,BSE 500 TRI,1.84,13.36,12.53,-3.31,0.91,0.27,14.86,9.82,,,,,25,https://www.valueresearchonline.com/funds/15684/,INF846K01EP4,120503,1,2,2,2,1,,,,3,5,,8,Moderately High Risk,Average
Axis Nifty 500 Index Dir,commodity,Commodities: Silver,Direct,1.84,,,BSE 500 TRI,1.84,,,,,,,,,,,,25,https://www.valueresearchonline.com/funds/44413/,INF846K019W9,152731,,,,,,,,,,,,,Moderately High Risk,
Axis Nifty500 Momentum 50 Index Dir,commodity,Commodities: Silver,Direct,0.35,,,BSE 500 TRI,1.84,,,,,,,,,,,,25,https://www.valueresearchonline.com/funds/44905/,INF846KA1044,153244,,,,,,,,,,,,,Moderately High Risk,
Axis Nifty500 Quality 50 Index Dir,commodity,Commodities: Silver,Direct,,,,BSE 500 TRI,,,,,,,,,,,,,25,https://www.valueresearchonline.com/funds/45468/,INF846KA1200,153829,,,,,,,,,,,,,Moderately High Risk,
Bajaj Finserv Flexi Cap Dir,commodity,Commodities: Silver,Direct,6.8,,,BSE 500 TRI,1.84,,,,,,,,,,,,25,https://www.valueresearchonline.com/funds/43653/,INF0QA701342,151895,,,,,,,,,,,,,Moderately High Risk,
Bandhan Flexi Cap Dir,commodity,Commodities: Silver,Direct,2.25,13.96,12.39,BSE 500 TRI,1.84,13.36,12.53,1.36,0.88,0.61,13.88,14.27,,,,,25,https://www.valueresearchonline.com/funds/16501/,INF194K01W62,118424,2,2,2,3,1,,,,4,6,,10,Moderately High Risk,Average
Bandhan Focused Dir,commodity,Commodities: Silver,Direct,3.57,16.36,13.9,BSE 500 TRI,1.84,13.36,12.53,3.36,0.98,0.67,16.72,17.06,,,,,25,https://www.valueresearchonline.com/funds/16507/,INF194K01DK7,119552,3,2,1,3,1,,,,5,5,,10,Moderately High Risk,Average
Bandhan Nifty 500 Momentum 50 Index Dir,commodity,Commodities: Silver,Direct,0.06,,,BSE 500 TRI,1.84,,,,,,,,,,,,25,https://www.valueresearchonline.com/funds/44630/,INF194KB1IY0,153003,,,,,,,,,,,,,Moderately High Risk,
Bandhan Nifty Alpha 50 Index Dir,commodity,Commodities: Silver,Direct,2.97,,,BSE 500 TRI,1.84,,,,,,,,,,,,25,https://www.valueresearchonline.com/funds/43864/,INF194KB1HA2,152177,,,,,,,,,,,,,Moderately High Risk,
Bandhan Nifty Total Mkt Index Dir,commodity,Commodities: Silver,Direct,1.78,,,BSE 500 TRI,1.84,,,,,,,,,,,,25,https://www.valueresearchonline.com/funds/44403/,INF194KB1IK9,152716,,,,,,,,,,,,,Moderately High Risk,
Bank of India Flexi Cap Dir,commodity,Commodities: Silver,Direct,11.05,22.61,18.63,BSE 500 TRI,1.84,13.36,12.53,7.64,1.12,0.87,19.06,22.48,,,,,25,https://www.valueresearchonline.com/funds/41018/,INF761K01FF5,148404,4,2,1,4,1,,,,6,6,,12,Moderately High Risk,Average
Baroda BNP Paribas Children's Dir,commodity,Commodities: Silver,Direct,7.77,,,BSE 500 TRI,1.84,,,,,,,,,,,,25,https://www.valueresearchonline.com/funds/44780/,INF251K01UE9,153171,,,,,,,,,,,,,Moderately High Risk,
Baroda BNP Paribas Flexi Cap Dir,commodity,Commodities: Silver,Direct,3.59,15.17,,BSE 500 TRI,1.84,13.36,,2.21,1,0.64,15.9,16.06,,,,,25,https://www.valueresearchonline.com/funds/42312/,INF251K01QZ2,150387,3,2,1,3,1,,,,5,5,,10,Moderately High Risk,Average
Baroda BNP Paribas Focused Dir,commodity,Commodities: Silver,Direct,-1.71,11.67,11.97,BSE 500 TRI,1.84,13.36,12.53,-1.38,1.08,0.42,17.32,13.11,,,,,25,https://www.valueresearchonline.com/funds/34653/,INF251K01PN0,150264,1,2,1,3,1,,,,3,5,,8,Moderately High Risk,Average
Canara Robeco Flexi Cap Dir,commodity,Commodities: Silver,Direct,1.8,13.38,12.43,BSE 500 TRI,1.84,13.36,12.53,0.21,0.93,0.53,14.53,13.53,,,,,25,https://www.valueresearchonline.com/funds/16588/,INF760K01EF0,118275,2,2,2,3,1,,,,4,6,,10,Moderately High Risk,Average
Canara Robeco Focused Dir,commodity,Commodities: Silver,Direct,-0.14,14.67,14.55,BSE 500 TRI,1.84,13.36,12.53,1.51,0.92,0.61,14.62,14.73,,,,,25,https://www.valueresearchonline.com/funds/41458/,INF760K01JQ6,148883,2,2,2,3,1,,,,4,6,,10,Moderately High Risk,Average
Capitalmind Flexi Cap Dir,commodity,Commodities: Silver,Direct,,,,BSE 500 TRI,,,,,,,,,,,,,25,https://www.valueresearchonline.com/funds/45313/,INF226401018,153738,,,,,,,,,,,,,Moderately High Risk,
DSP Flexi Cap Dir,commodity,Commodities: Silver,Direct,1.02,14.26,12.26,BSE 500 TRI,1.84,13.36,12.53,1.09,0.97,0.58,15.43,14.74,,,,,25,https://www.valueresearchonline.com/funds/16386/,INF740K01PI2,119076,2,2,1,3,1,,,,4,5,,9,Moderately High Risk,Average
DSP Focused Dir,commodity,Commodities: Silver,Direct,1.59,16.22,12.38,BSE 500 TRI,1.84,13.36,12.53,2.53,0.96,0.66,15.53,16.05,,,,,25,https://www.valueresearchonline.com/funds/16388/,INF740K01RR4,119335,3,2,1,3,1,,,,5,5,,10,Moderately High Risk,Average
DSP Nifty500 Flexicap Quality 30 ETF,commodity,Commodities: Silver,Direct,,,,BSE 500 TRI,,,,,,,,,,,,,25,https://www.valueresearchonline.com/funds/45521/,INF740KA1WU9,153874,,,,,,,,,,,,,Moderately High Risk,
DSP Nifty500 Flexicap Quality 30 Index Dir,commodity,Commodities: Silver,Direct,,,,BSE 500 TRI,,,,,,,,,,,,,25,https://www.valueresearchonline.com/funds/45446/,INF740KA1WR5,153801,,,,,,,,,,,,,Moderately High Risk,
DSP Nifty 500 Index Dir,commodity,Commodities: Silver,Direct,,,,BSE 500 TRI,,,,,,,,,,,,,25,https://www.valueresearchonline.com/funds/45719/,INF740KA1XY9,154088,,,,,,,,,,,,,Moderately High Risk,
Edelweiss Flexi Cap Dir,commodity,Commodities: Silver,Direct,3.78,16.81,15.45,BSE 500 TRI,1.84,13.36,12.53,3.34,0.99,0.73,15.48,17.1,,,,,25,https://www.valueresearchonline.com/funds/29263/,INF843K01KK1,140353,3,2,1,3,1,,,,5,5,,10,Moderately High Risk,Average
Edelweiss Focused Dir,commodity,Commodities: Silver,Direct,3.13,15.35,,BSE 500 TRI,1.84,13.36,,1.88,0.98,0.63,15.56,15.61,,,,,25,https://www.valueresearchonline.com/funds/42298/,INF754K01OP1,150376,2,2,1,3,1,,,,4,5,,9,Moderately High Risk,Average
Franklin India Flexi Cap Dir,commodity,Commodities: Silver,Direct,-1.5,15.31,14.73,BSE 500 TRI,1.84,13.36,12.53,2.14,0.92,0.66,14.47,15.37,,,,,25,https://www.valueresearchonline.com/funds/16008/,INF090I01FK3,118535,3,2,2,3,1,,,,5,6,,11,Moderately High Risk,Average
Franklin India Focused Equity Dir,commodity,Commodities: Silver,Direct,-3.73,11.61,12.61,BSE 500 TRI,1.84,13.36,12.53,-0.71,0.88,0.45,14.11,12.17,,,,,25,https://www.valueresearchonline.com/funds/15990/,INF090I01IW2,118564,1,2,2,3,1,,,,3,6,,9,Moderately High Risk,Average
Groww Nifty 500 Low Volatility 50 ETF,commodity,Commodities: Silver,Direct,2.88,,,BSE 500 TRI,1.84,,,,,,,,,,,,25,https://www.valueresearchonline.com/funds/45217/,INF666M01LB9,153583,,,,,,,,,,,,,Moderately High Risk,
Groww Nifty 500 Momentum 50 ETF,commodity,Commodities: Silver,Direct,-0.05,,,BSE 500 TRI,1.84,,,,,,,,,,,,25,https://www.valueresearchonline.com/funds/45094/,INF666M01KJ4,153452,,,,,,,,,,,,,Moderately High Risk,
Groww Nifty 500 Momentum 50 ETF FoF Dir,commodity,Commodities: Silver,Direct,0.31,,,BSE 500 TRI,1.84,,,,,,,,,,,,1,https://www.valueresearchonline.com/funds/45097/,INF666M01JX7,153453,,,,,,,,,,,,,Moderately High Risk,
Groww Nifty Total Market Index Dir,commodity,Commodities: Silver,Direct,1.83,,,BSE 500 TRI,1.84,,,,,,,,,,,,25,https://www.valueresearchonline.com/funds/43806/,INF666M01HM4,152092,,,,,,,,,,,,,Moderately High Risk,
HDFC BSE 500 ETF,commodity,Commodities: Silver,Direct,1.53,12.99,,BSE 500 TRI,1.84,13.36,,-0.33,1,0.5,15.4,13.53,,,,,25,https://www.valueresearchonline.com/funds/43117/,INF179KC1EZ4,151376,1,2,1,3,1,,,,3,5,,8,Moderately High Risk,Average
HDFC BSE 500 Index Dir,commodity,Commodities: Silver,Direct,1.45,12.72,,BSE 500 TRI,1.84,13.36,,-0.57,1,0.48,15.35,13.26,,,,,25,https://www.valueresearchonline.com/funds/43477/,INF179KC1GG9,151728,1,2,1,3,1,,,,3,5,,8,Moderately High Risk,Average
HDFC Diversified Equity All Cap Active FoF Dir,commodity,Commodities: Silver,Direct,,,,BSE 500 TRI,,,,,,,,,,,,,5,https://www.valueresearchonline.com/funds/45485/,INF179KC1JU4,153860,,,,,,,,,,,,,Moderately High Risk,
HDFC Flexi Cap Dir,commodity,Commodities: Silver,Direct,3.13,18.14,18.64,BSE 500 TRI,1.84,13.36,12.53,5.28,0.82,0.9,13.11,17.73,,,,,25,https://www.valueresearchonline.com/funds/16026/,INF179K01UT0,118955,4,2,2,3,1,,,,6,6,,12,Moderately High Risk,Average
HDFC Focused Dir,commodity,Commodities: Silver,Direct,2.09,18.01,20.33,BSE 500 TRI,1.84,13.36,12.53,5.14,0.8,0.9,12.83,17.37,,,,,25,https://www.valueresearchonline.com/funds/16021/,INF179K01CJ3,107581,4,2,2,3,1,,,,6,6,,12,Moderately High Risk,Average
HDFC Retirement Savings Equity Dir,commodity,Commodities: Silver,Direct,-2.16,12.69,14.91,BSE 500 TRI,1.84,13.36,12.53,0.17,0.86,0.52,13.56,12.94,,,,,25,https://www.valueresearchonline.com/funds/31780/,INF179KB1MF0,136094,2,2,2,3,1,,,,4,6,,10,Moderately High Risk,Average
Helios Flexi Cap Dir,commodity,Commodities: Silver,Direct,10.28,,,BSE 500 TRI,1.84,,,,,,,,,,,,25,https://www.valueresearchonline.com/funds/43839/,INF0R8701046,152135,,,,,,,,,,,,,Moderately High Risk,
HSBC Flexi Cap Dir,commodity,Commodities: Silver,Direct,5.38,18.24,15.4,BSE 500 TRI,1.84,13.36,12.53,4.18,1.09,0.74,17.32,18.73,,,,,25,https://www.valueresearchonline.com/funds/16320/,INF336L01DH5,120046,4,2,1,4,1,,,,6,6,,12,Moderately High Risk,Average
HSBC Focused Dir,commodity,Commodities: Silver,Direct,7.51,16.33,12.78,BSE 500 TRI,1.84,13.36,12.53,2.4,1.03,0.63,16.87,16.48,,,,,25,https://www.valueresearchonline.com/funds/41022/,INF336L01NF4,140821,3,2,1,3,1,,,,5,5,,10,Moderately High Risk,Average
ICICI Pru BSE 500 ETF,commodity,Commodities: Silver,Direct,1.5,12.99,12.16,BSE 500 TRI,1.84,13.36,12.53,-0.33,1,0.5,15.4,13.52,,,,,25,https://www.valueresearchonline.com/funds/36037/,INF109KC1V59,143247,1,2,1,3,1,,,,3,5,,8,Moderately High Risk,Average
ICICI Pru BSE 500 ETF FOF Dir,commodity,Commodities: Silver,Direct,1.09,12.7,,BSE 500 TRI,1.84,13.36,,-0.5,0.99,0.49,15.3,13.29,,,,,1,https://www.valueresearchonline.com/funds/41852/,INF109KC1V91,149331,1,2,1,3,1,,,,3,5,,8,Moderately High Risk,Average
ICICI Pru Diversified Equity All Cap Active FoF Dir,commodity,Commodities: Silver,Direct,,,,BSE 500 TRI,,,,,,,,,,,,,5,https://www.valueresearchonline.com/funds/45888/,INF109K1A468,154266,,,,,,,,,,,,,Moderately High Risk,
ICICI Pru Diversified Equity All Cap Omni FoF Dir,commodity,Commodities: Silver,Direct,2.98,18.41,17,BSE 500 TRI,1.84,13.36,12.53,4.77,0.92,0.84,14.38,17.98,,,,,10,https://www.valueresearchonline.com/funds/40662/,INF109KC1I49,148035,4,2,2,3,1,,,,6,6,,12,Moderately High Risk,Average
ICICI Pru Flexicap Dir,commodity,Commodities: Silver,Direct,7.95,16.84,,BSE 500 TRI,1.84,13.36,,3.31,0.96,0.71,15.4,16.84,,,,,25,https://www.valueresearchonline.com/funds/41525/,INF109KC1R14,148990,3,2,1,3,1,,,,5,5,,10,Moderately High Risk,Average
ICICI Pru Focused Equity Dir,commodity,Commodities: Silver,Direct,4.3,19.69,18.24,BSE 500 TRI,1.84,13.36,12.53,5.71,0.96,0.87,15.3,19.23,,,,,25,https://www.valueresearchonline.com/funds/17412/,INF109K018N2,120722,4,2,1,4,1,,,,6,6,,12,Moderately High Risk,Average
ICICI Pru Nifty 500 Index Dir,commodity,Commodities: Silver,Direct,1.57,,,BSE 500 TRI,1.84,,,,,,,,,,,,25,https://www.valueresearchonline.com/funds/44820/,INF109KC16Y3,153161,,,,,,,,,,,,,Moderately High Risk,
ICICI Pru Retirement Pure Equity Dir,commodity,Commodities: Silver,Direct,11.13,23.96,23.05,BSE 500 TRI,1.84,13.36,12.53,9.68,1.03,1.08,16.55,23.82,,,,,25,https://www.valueresearchonline.com/funds/39055/,INF109KC1TS2,146349,4,3,1,4,1,,,,7,6,,13,Moderately High Risk,Good
Invesco India Flexi Cap Dir,commodity,Commodities: Silver,Direct,2.71,19.77,,BSE 500 TRI,1.84,13.36,,4.84,1.05,0.77,17.21,19.07,,,,,25,https://www.valueresearchonline.com/funds/42014/,INF205KA1494,149763,4,2,1,4,1,,,,6,6,,12,Moderately High Risk,Average
Invesco India Focused Dir,commodity,Commodities: Silver,Direct,-0.66,22.19,17.33,BSE 500 TRI,1.84,13.36,12.53,7.6,1.02,0.9,17.52,21.64,,,,,24,https://www.valueresearchonline.com/funds/41096/,INF205K01NB2,140842,4,2,1,4,1,,,,6,6,,12,Moderately High Risk,Average
ITI Flexi Cap Dir,commodity,Commodities: Silver,Direct,9.51,20.27,,BSE 500 TRI,1.84,13.36,,5.43,1.07,0.81,17.27,19.85,,,,,25,https://www.valueresearchonline.com/funds/43120/,INF00XX01CO7,151379,4,2,1,4,1,,,,6,6,,12,Moderately High Risk,Average
ITI Focused Dir,commodity,Commodities: Silver,Direct,10.54,,,BSE 500 TRI,1.84,,,,,,,,,,,,25,https://www.valueresearchonline.com/funds/43534/,INF00XX01DG8,148261,,,,,,,,,,,,,Moderately High Risk,
JioBlackRock Flexi Cap Dir,commodity,Commodities: Silver,Direct,,,,BSE 500 TRI,,,,,,,,,,,,,25,https://www.valueresearchonline.com/funds/45482/,INF22M001093,153859,,,,,,,,,,,,,Moderately High Risk,
JM Flexicap Dir,commodity,Commodities: Silver,Direct,1.39,17.68,17.96,BSE 500 TRI,1.84,13.36,12.53,4.21,1.05,0.72,17.44,18.51,,,,,25,https://www.valueresearchonline.com/funds/16547/,INF192K01CC7,120492,4,2,1,4,1,,,,6,6,,12,Moderately High Risk,Average
JM Focused Dir,commodity,Commodities: Silver,Direct,3.62,15.59,15,BSE 500 TRI,1.84,13.36,12.53,1.92,1.04,0.6,17.13,16.13,,,,,25,https://www.valueresearchonline.com/funds/16539/,INF192K01HA5,104524,2,2,1,3,1,,,,4,5,,9,Moderately High Risk,Average
Kotak Flexicap Dir,commodity,Commodities: Silver,Direct,1.75,14.65,13.16,BSE 500 TRI,1.84,13.36,12.53,1.48,0.94,0.6,14.96,14.89,,,,,25,https://www.valueresearchonline.com/funds/17140/,INF174K01LN8,118992,2,2,2,3,1,,,,4,6,,10,Moderately High Risk,Average
Kotak Focused Dir,commodity,Commodities: Silver,Direct,10.65,17.1,14.82,BSE 500 TRI,1.84,13.36,12.53,3.31,0.93,0.74,14.55,16.61,,,,,25,https://www.valueresearchonline.com/funds/40098/,INF174KA1CO3,147903,3,2,2,3,1,,,,5,6,,11,Moderately High Risk,Average
Kotak Nifty500 Momentum 50 Index Dir,commodity,Commodities: Silver,Direct,,,,BSE 500 TRI,,,,,,,,,,,,,25,https://www.valueresearchonline.com/funds/45646/,INF174KA1YC8,154032,,,,,,,,,,,,,Moderately High Risk,
Kotak Nifty Alpha 50 ETF,commodity,Commodities: Silver,Direct,3.17,19.87,,BSE 500 TRI,1.84,13.36,,5.49,1.34,0.7,23.22,22.11,,,,,25,https://www.valueresearchonline.com/funds/41896/,INF174KA1IA5,149397,4,2,1,4,1,,,,6,6,,12,Moderately High Risk,Average
Kotak Nifty Alpha 50 Index Dir,commodity,Commodities: Silver,Direct,,,,BSE 500 TRI,,,,,,,,,,,,,25,https://www.valueresearchonline.com/funds/45402/,INF174KA1XG1,153781,,,,,,,,,,,,,Moderately High Risk,
LIC MF Children's Dir,commodity,Commodities: Silver,Direct,3.88,10.54,9.23,BSE 500 TRI,1.84,13.36,12.53,-2.15,0.9,0.34,14.96,10.89,,,,,25,https://www.valueresearchonline.com/funds/17648/,INF767K01FB1,120285,1,2,2,2,1,,,,3,5,,8,Moderately High Risk,Average
LIC MF Flexi Cap Dir,commodity,Commodities: Silver,Direct,7.45,12.59,11.95,BSE 500 TRI,1.84,13.36,12.53,-0.77,0.97,0.44,15.99,12.89,,,,,25,https://www.valueresearchonline.com/funds/16756/,INF767K01EG3,120264,1,2,1,3,1,,,,3,5,,8,Moderately High Risk,Average
LIC MF Focused Dir,commodity,Commodities: Silver,Direct,-1.25,10.5,10.81,BSE 500 TRI,1.84,13.36,12.53,-2.5,0.94,0.32,15.54,10.89,,,,,25,https://www.valueresearchonline.com/funds/34738/,INF397L01KA7,152010,1,2,1,2,1,,,,3,4,,7,Moderately High Risk,Average
Mahindra Manulife Flexi Cap Dir,commodity,Commodities: Silver,Direct,0.03,13.28,,BSE 500 TRI,1.84,13.36,,0.54,0.94,0.55,14.67,13.91,,,,,25,https://www.valueresearchonline.com/funds/41633/,INF174V01AS2,149104,2,2,2,3,1,,,,4,6,,10,Moderately High Risk,Average
Mahindra Manulife Focused Dir,commodity,Commodities: Silver,Direct,4.3,18.77,17.35,BSE 500 TRI,1.84,13.36,12.53,5.16,0.91,0.85,14.64,18.31,,,,,25,https://www.valueresearchonline.com/funds/41169/,INF174V01AG7,148567,4,2,2,4,1,,,,6,7,,13,Moderately High Risk,Good
Mirae Asset Flexi Cap Dir,commodity,Commodities: Silver,Direct,4.57,15.16,,BSE 500 TRI,1.84,13.36,,1.83,0.93,0.64,14.57,15.17,,,,,25,https://www.valueresearchonline.com/funds/43134/,INF769K01JJ2,151412,2,2,2,3,1,,,,4,6,,10,Moderately High Risk,Average
Mirae Asset Focused Dir,commodity,Commodities: Silver,Direct,-5.17,8.24,8.45,BSE 500 TRI,1.84,13.36,12.53,-4.51,0.94,0.2,15.51,8.89,,,,,25,https://www.valueresearchonline.com/funds/39823/,INF769K01EU0,147206,1,2,1,2,1,,,,3,4,,7,Moderately High Risk,Average
Mirae Asset Nifty Total Market Index Dir,commodity,Commodities: Silver,Direct,2.02,,,BSE 500 TRI,1.84,,,,,,,,,,,,25,https://www.valueresearchonline.com/funds/44601/,INF769K01MD9,152968,,,,,,,,,,,,,Moderately High Risk,
Motilal Oswal BSE 1000 Index Dir,commodity,Commodities: Silver,Direct,,,,BSE 500 TRI,,,,,,,,,,,,,25,https://www.valueresearchonline.com/funds/45219/,INF247L01FM9,153596,,,,,,,,,,,,,Moderately High Risk,
Motilal Oswal Diversified Equity Flexicap Passive FoF Dir,commodity,Commodities: Silver,Direct,,,,BSE 500 TRI,,,,,,,,,,,,,3,https://www.valueresearchonline.com/funds/45729/,INF247L01GL9,154112,,,,,,,,,,,,,Moderately High Risk,
Motilal Oswal Flexi Cap Dir,commodity,Commodities: Silver,Direct,-2.74,19.11,13.11,BSE 500 TRI,1.84,13.36,12.53,5.7,0.95,0.77,17.35,19.19,,,,,25,https://www.valueresearchonline.com/funds/26125/,INF247L01502,129046,4,2,1,4,1,,,,6,6,,12,Moderately High Risk,Average
Motilal Oswal Focused Dir,commodity,Commodities: Silver,Direct,13.74,11.72,10.19,BSE 500 TRI,1.84,13.36,12.53,-1.34,1.06,0.37,19.18,13.01,,,,,25,https://www.valueresearchonline.com/funds/19514/,INF247L01189,122389,1,2,1,3,1,,,,3,5,,8,Moderately High Risk,Average
Motilal Oswal Nifty 500 ETF,commodity,Commodities: Silver,Direct,1.99,,,BSE 500 TRI,1.84,,,,,,,,,,,,25,https://www.valueresearchonline.com/funds/43812/,INF247L01BU1,152106,,,,,,,,,,,,,Moderately High Risk,
Motilal Oswal Nifty 500 Index Dir,commodity,Commodities: Silver,Direct,2.07,13.47,12.35,BSE 500 TRI,1.84,13.36,12.53,0.11,1,0.53,15.44,13.99,,,,,25,https://www.valueresearchonline.com/funds/40240/,INF247L01957,147625,2,2,1,3,1,,,,4,5,,9,Moderately High Risk,Average
Motilal Oswal Nifty 500 Momentum 50 ETF,commodity,Commodities: Silver,Direct,-0.12,,,BSE 500 TRI,1.84,,,,,,,,,,,,25,https://www.valueresearchonline.com/funds/44555/,INF247L01DK8,152874,,,,,,,,,,,,,Moderately High Risk,
Motilal Oswal Nifty 500 Momentum 50 Index Dir,commodity,Commodities: Silver,Direct,0.13,,,BSE 500 TRI,1.84,,,,,,,,,,,,25,https://www.valueresearchonline.com/funds/44554/,INF247L01DL6,152875,,,,,,,,,,,,,Moderately High Risk,
Motilal Oswal Nifty Alpha 50 ETF,commodity,Commodities: Silver,Direct,,,,BSE 500 TRI,,,,,,,,,,,,,25,https://www.valueresearchonline.com/funds/45363/,INF247L01FR8,153724,,,,,,,,,,,,,Moderately High Risk,
Navi Flexi Cap Dir,commodity,Commodities: Silver,Direct,11.74,13.92,13.71,BSE 500 TRI,1.84,13.36,12.53,0.37,0.98,0.52,15.72,14.09,,,,,25,https://www.valueresearchonline.com/funds/36686/,INF959L01DT9,143793,2,2,1,3,1,,,,4,5,,9,Moderately High Risk,Average
Nippon India Diversified Equity Flexicap Passive FoF Dir,commodity,Commodities: Silver,Direct,0.77,12.89,11.99,BSE 500 TRI,1.84,13.36,12.53,-0.35,1,0.49,15.41,13.48,,,,,3,https://www.valueresearchonline.com/funds/41241/,INF204KB16X6,148642,1,2,1,3,1,,,,3,5,,8,Moderately High Risk,Average
Nippon India Flexi Cap Dir,commodity,Commodities: Silver,Direct,2.04,14.38,,BSE 500 TRI,1.84,13.36,,0.95,1,0.57,15.77,14.82,,,,,25,https://www.valueresearchonline.com/funds/41616/,INF204KB1YC1,140869,2,2,1,3,1,,,,4,5,,9,Moderately High Risk,Average
Nippon India Focused Dir,commodity,Commodities: Silver,Direct,3.26,13.63,13.23,BSE 500 TRI,1.84,13.36,12.53,0.53,0.94,0.53,15.05,13.9,,,,,25,https://www.valueresearchonline.com/funds/16129/,INF204K01F95,118692,2,2,1,3,1,,,,4,5,,9,Moderately High Risk,Average
Nippon India Nifty 500 Low Volatility 50 Index Dir,commodity,Commodities: Silver,Direct,2.72,,,BSE 500 TRI,1.84,,,,,,,,,,,,25,https://www.valueresearchonline.com/funds/45109/,INF204KC1EQ2,153474,,,,,,,,,,,,,Moderately High Risk,
Nippon India Nifty 500 Momentum 50 Index Dir,commodity,Commodities: Silver,Direct,0.23,,,BSE 500 TRI,1.84,,,,,,,,,,,,25,https://www.valueresearchonline.com/funds/44558/,INF204KC1DG5,152881,,,,,,,,,,,,,Moderately High Risk,
Nippon India Nifty 500 Quality 50 Index Dir,commodity,Commodities: Silver,Direct,1.61,,,BSE 500 TRI,1.84,,,,,,,,,,,,25,https://www.valueresearchonline.com/funds/45105/,INF204KC1EW0,153470,,,,,,,,,,,,,Moderately High Risk,
Nippon India Retirement Wealth Creation Dir,commodity,Commodities: Silver,Direct,2.34,14.79,13.98,BSE 500 TRI,1.84,13.36,12.53,1.88,0.97,0.63,15.28,15.51,,,,,25,https://www.valueresearchonline.com/funds/29291/,INF204KA1B72,133568,2,2,1,3,1,,,,4,5,,9,Moderately High Risk,Average
NJ Flexi Cap Dir,commodity,Commodities: Silver,Direct,-2.49,,,BSE 500 TRI,1.84,,,,,,,,,,,,25,https://www.valueresearchonline.com/funds/43714/,INF0J8L01156,151917,,,,,,,,,,,,,Moderately High Risk,
Old Bridge Flexi Cap Dir,commodity,Commodities: Silver,Direct,,,,BSE 500 TRI,,,,,,,,,,,,,25,https://www.valueresearchonline.com/funds/45846/,INF0S5R01133,154225,,,,,,,,,,,,,Moderately High Risk,
Old Bridge Focused Dir,commodity,Commodities: Silver,Direct,10.22,,,BSE 500 TRI,1.84,,,,,,,,,,,,24,https://www.valueresearchonline.com/funds/44038/,INF0S5R01042,152358,,,,,,,,,,,,,Moderately High Risk,
Parag Parikh Flexi Cap Dir,commodity,Commodities: Silver,Direct,-0.52,15.29,15.3,BSE 500 TRI,1.84,13.36,12.53,4.38,0.6,0.93,9.91,15.04,,,,,25,https://www.valueresearchonline.com/funds/19701/,INF879O01027,122639,4,2,3,3,2,,,,6,8,,14,Moderately High Risk,Good
PGIM India Flexi Cap Dir,commodity,Commodities: Silver,Direct,2.54,11.5,11.07,BSE 500 TRI,1.84,13.36,12.53,-1.4,0.91,0.41,14.49,11.74,,,,,25,https://www.valueresearchonline.com/funds/29473/,INF663L01FF1,133839,1,2,2,2,1,,,,3,5,,8,Moderately High Risk,Average
Quant Flexi Cap Dir,commodity,Commodities: Silver,Direct,14.58,19.82,17.91,BSE 500 TRI,1.84,13.36,12.53,5.74,1.16,0.77,19.55,20.88,,,,,25,https://www.valueresearchonline.com/funds/17377/,INF966L01911,120843,4,2,1,4,1,,,,6,6,,12,Moderately High Risk,Average
Quantum Diversified Equity All Cap Active FoF Dir,commodity,Commodities: Silver,Direct,1.51,13.37,12,BSE 500 TRI,1.84,13.36,12.53,0.32,0.92,0.54,14.32,13.56,,,,,7,https://www.valueresearchonline.com/funds/10550/,INF082J01093,112039,2,2,2,3,1,,,,4,6,,10,Moderately High Risk,Average
Samco Flexi Cap Dir,commodity,Commodities: Silver,Direct,-6.09,1.31,,BSE 500 TRI,1.84,13.36,,-11,1.07,-0.12,19.42,3.44,,,,,25,https://www.valueresearchonline.com/funds/41935/,INF0K1H01024,149450,1,1,1,1,1,,,,2,3,,5,Moderately High Risk,Poor
SBI Flexicap Dir,commodity,Commodities: Silver,Direct,1.19,10.31,10.52,BSE 500 TRI,1.84,13.36,12.53,-1.97,0.87,0.36,13.63,10.84,,,,,25,https://www.valueresearchonline.com/funds/17514/,INF200K01T98,128281,1,2,2,2,1,,,,3,5,,8,Moderately High Risk,Average
SBI Focused Dir,commodity,Commodities: Silver,Direct,12.09,17.43,14.1,BSE 500 TRI,1.84,13.36,12.53,5.32,0.83,0.85,14.02,17.78,,,,,24,https://www.valueresearchonline.com/funds/16324/,INF200K01SH3,117908,4,2,2,3,1,,,,6,6,,12,Moderately High Risk,Average
SBI Nifty 500 Index Dir,commodity,Commodities: Silver,Direct,1.81,,,BSE 500 TRI,1.84,,,,,,,,,,,,25,https://www.valueresearchonline.com/funds/44567/,INF200KB1381,152908,,,,,,,,,,,,,Moderately High Risk,
SBI Retirement Benefit Aggressive Dir,commodity,Commodities: Silver,Direct,1.13,10.62,13.81,BSE 500 TRI,1.84,13.36,12.53,-2.29,0.94,0.35,14.81,11.1,,,,,25,https://www.valueresearchonline.com/funds/41271/,INF200KA1S55,148683,1,2,2,2,1,,,,3,5,,8,Moderately High Risk,Average
Shriram Flexi Cap Dir,commodity,Commodities: Silver,Direct,1.3,10.25,10.37,BSE 500 TRI,1.84,13.36,12.53,-2.55,1,0.32,16.98,11.33,,,,,25,https://www.valueresearchonline.com/funds/37581/,INF680P01109,144905,1,2,1,2,1,,,,3,4,,7,Moderately High Risk,Average
Sundaram Flexi Cap Dir,commodity,Commodities: Silver,Direct,-0.07,11.99,,BSE 500 TRI,1.84,13.36,,-0.61,0.92,0.46,14.53,12.59,,,,,25,https://www.valueresearchonline.com/funds/42504/,INF903JA1LE2,150571,1,2,2,3,1,,,,3,6,,9,Moderately High Risk,Average
Sundaram Focused Dir,commodity,Commodities: Silver,Direct,2.53,11.77,11.46,BSE 500 TRI,1.84,13.36,12.53,-0.38,0.82,0.47,13.1,12.03,,,,,25,https://www.valueresearchonline.com/funds/16614/,INF903J01KX6,118693,1,2,2,3,1,,,,3,6,,9,Moderately High Risk,Average
Tata Children's Dir,commodity,Commodities: Silver,Direct,-7.16,8.16,9.57,BSE 500 TRI,1.84,13.36,12.53,-4.52,0.97,0.21,15.37,9.14,,,,,25,https://www.valueresearchonline.com/funds/16957/,INF277K01QW4,119312,1,2,1,2,1,,,,3,4,,7,Moderately High Risk,Average
Tata Flexi Cap Dir,commodity,Commodities: Silver,Direct,-1.1,13.35,11.78,BSE 500 TRI,1.84,13.36,12.53,1.55,0.86,0.61,13.73,14.31,,,,,25,https://www.valueresearchonline.com/funds/37437/,INF277K015K0,144546,2,2,2,3,1,,,,4,6,,10,Moderately High Risk,Average
Tata Focused Dir,commodity,Commodities: Silver,Direct,1.93,13.63,13.29,BSE 500 TRI,1.84,13.36,12.53,1.17,0.92,0.58,14.68,14.35,,,,,25,https://www.valueresearchonline.com/funds/40405/,INF277KA1DR7,147922,2,2,2,3,1,,,,4,6,,10,Moderately High Risk,Average
Tata Retirement Savings Progressive Dir,commodity,Commodities: Silver,Direct,3.68,15.71,12.81,BSE 500 TRI,1.84,13.36,12.53,2.58,1,0.65,16.35,16.43,,,,,25,https://www.valueresearchonline.com/funds/17020/,INF277K01QO1,119251,3,2,1,3,1,,,,5,5,,10,Moderately High Risk,Average
Taurus Flexi Cap Dir,commodity,Commodities: Silver,Direct,-0.41,12.4,10.46,BSE 500 TRI,1.84,13.36,12.53,-0.98,1.01,0.44,16.11,12.94,,,,,25,https://www.valueresearchonline.com/funds/16705/,INF044D01BU9,118883,1,2,1,3,1,,,,3,5,,8,Moderately High Risk,Average
The Wealth Company Flexi Cap Dir,commodity,Commodities: Silver,Direct,,,,BSE 500 TRI,,,,,,,,,,,,,25,https://www.valueresearchonline.com/funds/45499/,INF2F0001040,153872,,,,,,,,,,,,,Moderately High Risk,
TRUST MF Flexi Cap Dir,commodity,Commodities: Silver,Direct,3.89,,,BSE 500 TRI,1.84,,,,,,,,,,,,25,https://www.valueresearchonline.com/funds/44271/,INF0GCD01743,152584,,,,,,,,,,,,,Moderately High Risk,
Unifi Flexi Cap Dir,commodity,Commodities: Silver,Direct,4.78,,,BSE 500 TRI,1.84,,,,,,,,,,,,25,https://www.valueresearchonline.com/funds/45189/,INF1MIY01031,153543,,,,,,,,,,,,,Moderately High Risk,
Union Children's Dir,commodity,Commodities: Silver,Direct,4.66,,,BSE 500 TRI,1.84,,,,,,,,,,,,25,https://www.valueresearchonline.com/funds/43924/,INF582M01EL2,152278,,,,,,,,,,,,,Moderately High Risk,
Union Diversified Equity All Cap Active FoF Dir,commodity,Commodities: Silver,Direct,,,,BSE 500 TRI,,,,,,,,,,,,,5,https://www.valueresearchonline.com/funds/45473/,INF582M01LZ7,153824,,,,,,,,,,,,,Moderately High Risk,
Union Flexi Cap Dir,commodity,Commodities: Silver,Direct,2.08,13.4,12.84,BSE 500 TRI,1.84,13.36,12.53,0.48,0.94,0.54,14.93,13.9,,,,,25,https://www.valueresearchonline.com/funds/16412/,INF582M01633,119292,2,2,2,3,1,,,,4,6,,10,Moderately High Risk,Average
Union Focused Dir,commodity,Commodities: Silver,Direct,10.17,13.8,12.57,BSE 500 TRI,1.84,13.36,12.53,1.27,0.87,0.57,14.37,14.06,,,,,25,https://www.valueresearchonline.com/funds/40108/,INF582M01DN0,147950,2,2,2,3,1,,,,4,6,,10,Moderately High Risk,Average
Union Retirement Dir,commodity,Commodities: Silver,Direct,7.37,16.44,,BSE 500 TRI,1.84,13.36,,3.35,0.91,0.74,14.29,16.48,,,,,25,https://www.valueresearchonline.com/funds/42492/,INF582M01CS1,141893,3,2,2,3,1,,,,5,6,,11,Moderately High Risk,Average
UTI Children's Equity Dir,commodity,Commodities: Silver,Direct,-3.04,10.3,9.91,BSE 500 TRI,1.84,13.36,12.53,-2.33,0.94,0.35,14.83,11.05,,,,,25,https://www.valueresearchonline.com/funds/15867/,INF789F1AZV0,120724,1,2,2,2,1,,,,3,5,,8,Moderately High Risk,Average
UTI Flexi Cap Dir,commodity,Commodities: Silver,Direct,-3.84,8.27,6.88,BSE 500 TRI,1.84,13.36,12.53,-4.15,0.86,0.19,14.31,8.62,,,,,25,https://www.valueresearchonline.com/funds/15714/,INF789F01TC4,120662,1,2,2,2,1,,,,3,5,,8,Moderately High Risk,Average
UTI Focused Dir,commodity,Commodities: Silver,Direct,-1.02,11.89,,BSE 500 TRI,1.84,13.36,,-0.73,0.94,0.45,14.94,12.64,,,,,25,https://www.valueresearchonline.com/funds/41629/,INF789F1ACN0,140941,1,2,2,3,1,,,,3,6,,9,Moderately High Risk,Average
UTI Nifty500 Shariah Index Dir,commodity,Commodities: Silver,Direct,,,,BSE 500 TRI,,,,,,,,,,,,,25,https://www.valueresearchonline.com/funds/45821/,INF789F1AD04,154197,,,,,,,,,,,,,Moderately High Risk,
WhiteOak Capital Flexi Cap Dir,commodity,Commodities: Silver,Direct,3.96,17.22,,BSE 500 TRI,1.84,13.36,,3.97,0.91,0.78,14.51,17.13,,,,,25,https://www.valueresearchonline.com/funds/42320/,INF03VN01530,150346,3,2,2,3,1,,,,5,6,,11,Moderately High Risk,Average
ABSL Long Duration Reg,commodity,Commodities: Gold,Regular,1.26,5.95,,Debt: Long Duration,1.29,5.66,,,,-0.15,3.72,5.3,7.8,10.33,AAA,27.64,0,https://www.valueresearchonline.com/funds/42336/,INF209KB14J9,150482,,1,4,1,,1,0,0.5,1,5,1.5,7.5,Moderate Risk,Average
Axis Long Duration Reg,commodity,Commodities: Gold,Regular,1.2,5.61,,Debt: Long Duration,1.29,5.66,,,,-0.23,4.89,4.73,7.72,11.72,AAA,,0,https://www.valueresearchonline.com/funds/42910/,INF846K015L0,151178,,1,4,1,,1,0,0.5,1,5,1.5,7.5,Moderate Risk,Average
Bandhan Long Duration Reg,commodity,Commodities: Gold,Regular,2.4,,,Debt: Long Duration,1.29,,,,,,,,7.55,10.82,AAA,26.3,0,https://www.valueresearchonline.com/funds/44182/,INF194KB1HV8,152518,,,,,,1,0,0.5,,,1.5,1.5,Moderate Risk,Average
Franklin India Long Duration Fund Reg,commodity,Commodities: Gold,Regular,3.04,,,Debt: Long Duration,1.29,,,,,,,,6.66,4.38,GOI/Cash,8.95,0,https://www.valueresearchonline.com/funds/44762/,INF090I01XW1,153100,,,,,,0.5,1,1,,,2.5,2.5,Moderate Risk,Good
HDFC Long Duration Debt Reg,commodity,Commodities: Gold,Regular,1.19,5.77,,Debt: Long Duration,1.29,5.66,,,,-0.21,5.1,4.78,7.74,11.7,AAA,28.91,0,https://www.valueresearchonline.com/funds/43048/,INF179KC1ES9,151312,,1,4,1,,1,0,0.5,1,5,1.5,7.5,Moderate Risk,Average
ICICI Pru Long Term Bond,commodity,Commodities: Gold,Regular,1.33,6.01,4.98,Debt: Long Duration,1.29,5.66,5.27,,,-0.13,3.7,5.4,7.89,11.41,AAA,29.18,0,https://www.valueresearchonline.com/funds/537/,INF109K01365,100365,,1,4,1,,1,0,0.5,1,5,1.5,7.5,Moderate Risk,Average
Kotak Long Duration Reg,commodity,Commodities: Gold,Regular,0.32,,,Debt: Long Duration,1.29,,,,,,,,7.65,12.95,AAA,13.24,0,https://www.valueresearchonline.com/funds/44190/,INF174KA1RC2,152489,,,,,,1,0,0.5,,,1.5,1.5,Moderate Risk,Average
Mirae Asset Long Duration Reg,commodity,Commodities: Gold,Regular,1.01,,,Debt: Long Duration,1.29,,,,,,,,7.53,11.11,AAA,25.67,0,https://www.valueresearchonline.com/funds/44750/,INF769K01MZ2,153107,,,,,,1,0,0.5,,,1.5,1.5,Moderate Risk,Average
Nippon India Nivesh Lakshya Long Duration Reg,commodity,Commodities: Gold,Regular,0.57,5.7,5.56,Debt: Long Duration,1.29,5.66,5.27,,,-0.22,4.17,4.93,7.67,10.61,AAA,21.61,0,https://www.valueresearchonline.com/funds/36516/,INF204KB1YN8,143701,,1,4,1,,1,0,0.5,1,5,1.5,7.5,Moderate Risk,Average
SBI Long Duration Reg,commodity,Commodities: Gold,Regular,1.44,5.82,,Debt: Long Duration,1.29,5.66,,,,-0.19,4.69,4.99,7.54,10.83,GOI/Cash,,0,https://www.valueresearchonline.com/funds/42948/,INF200KA13T1,151213,,1,4,1,,1,0,1,1,5,2,8,Moderate Risk,Average
UTI Long Duration Reg,commodity,Commodities: Gold,Regular,0.42,4.73,,Debt: Long Duration,1.29,5.66,,,,-0.37,4.78,4.11,7.33,8.15,GOI/Cash,19.69,0,https://www.valueresearchonline.com/funds/43274/,INF789F1AXS1,151527,,1,4,1,,0.5,0,1,1,5,1.5,7.5,Moderate Risk,Average
360 ONE Flexicap Reg,commodity,Commodities: Silver,Regular,4.92,,,BSE 500 TRI,1.84,,,,,,,,,,,,25,https://www.valueresearchonline.com/funds/43545/,INF579M01AP7,151799,,,,,,,,,,,,,Moderately High Risk,
360 ONE Focused Reg,commodity,Commodities: Silver,Regular,3,12.61,12.85,BSE 500 TRI,1.84,13.36,12.53,-0.18,0.92,0.49,14.6,13.02,,,,,25,https://www.valueresearchonline.com/funds/28456/,INF579M01878,131578,1,2,2,3,1,,,,3,6,,9,Moderately High Risk,Average
Abakkus Flexi Cap Reg,commodity,Commodities: Silver,Regular,,,,BSE 500 TRI,,,,,,,,,,,,,25,https://www.valueresearchonline.com/funds/45681/,INF2JJD01169,154041,,,,,,,,,,,,,Moderately High Risk,
ABSL Bal Bhavishya Yojna Reg,commodity,Commodities: Silver,Regular,4.03,12.04,9.24,BSE 500 TRI,1.84,13.36,12.53,-0.43,0.97,0.48,15.36,13.19,,,,,25,https://www.valueresearchonline.com/funds/38819/,INF209KB1E76,146409,1,2,1,3,1,,,,3,5,,8,Moderately High Risk,Average
ABSL BSE 500 Momentum 50 Index Reg,commodity,Commodities: Silver,Regular,,,,BSE 500 TRI,,,,,,,,,,,,,25,https://www.valueresearchonline.com/funds/45375/,INF209KC1605,153735,,,,,,,,,,,,,Moderately High Risk,
ABSL BSE 500 Quality 50 Index Reg,commodity,Commodities: Silver,Regular,,,,BSE 500 TRI,,,,,,,,,,,,,25,https://www.valueresearchonline.com/funds/45379/,INF209KC1639,153742,,,,,,,,,,,,,Moderately High Risk,
ABSL Flexi Cap Reg,commodity,Commodities: Silver,Regular,6.37,16.11,12.69,BSE 500 TRI,1.84,13.36,12.53,2.85,0.95,0.71,14.77,16.32,,,,,25,https://www.valueresearchonline.com/funds/561/,INF209K01AJ8,103166,3,2,2,3,1,,,,5,6,,11,Moderately High Risk,Average
ABSL Focused Reg,commodity,Commodities: Silver,Regular,2.24,14.17,12.04,BSE 500 TRI,1.84,13.36,12.53,1.21,0.9,0.59,14.14,14.26,,,,,25,https://www.valueresearchonline.com/funds/2865/,INF209KB1ZC3,145481,2,2,2,3,1,,,,4,6,,10,Moderately High Risk,Average
ABSL Retirement 30s Reg,commodity,Commodities: Silver,Regular,11.48,16.55,11.5,BSE 500 TRI,1.84,13.36,12.53,3,0.99,0.69,15.95,16.81,,,,,25,https://www.valueresearchonline.com/funds/39179/,INF209KB1H99,146577,3,2,1,3,1,,,,5,5,,10,Moderately High Risk,Average
Angel One Nifty Total Market Index Reg,commodity,Commodities: Silver,Regular,1.25,,,BSE 500 TRI,1.84,,,,,,,,,,,,25,https://www.valueresearchonline.com/funds/44962/,INF1J2R01031,153331,,,,,,,,,,,,,Moderately High Risk,
Angel One Nifty Total Market Momentum Quality 50 Index Reg,commodity,Commodities: Silver,Regular,,,,BSE 500 TRI,,,,,,,,,,,,,25,https://www.valueresearchonline.com/funds/45606/,INF1J2R01130,153955,,,,,,,,,,,,,Moderately High Risk,
Axis Flexi Cap Reg,commodity,Commodities: Silver,Regular,2.92,12.91,10.06,BSE 500 TRI,1.84,13.36,12.53,-0.51,0.96,0.47,15.38,13.07,,,,,25,https://www.valueresearchonline.com/funds/34709/,INF846K01B51,141927,1,2,1,3,1,,,,3,5,,8,Moderately High Risk,Average
Axis Focused Reg,commodity,Commodities: Silver,Regular,-2.11,8.14,5.4,BSE 500 TRI,1.84,13.36,12.53,-4.23,0.91,0.2,14.86,8.9,,,,,25,https://www.valueresearchonline.com/funds/14951/,INF846K01EN9,108173,1,2,2,2,1,,,,3,5,,8,Moderately High Risk,Average
Axis Nifty 500 Index Reg,commodity,Commodities: Silver,Regular,0.94,,,BSE 500 TRI,1.84,,,,,,,,,,,,25,https://www.valueresearchonline.com/funds/44412/,INF846K018W1,152730,,,,,,,,,,,,,Moderately High Risk,
Axis Nifty500 Momentum 50 Index Reg,commodity,Commodities: Silver,Regular,-0.54,,,BSE 500 TRI,1.84,,,,,,,,,,,,25,https://www.valueresearchonline.com/funds/44904/,INF846KA1036,153245,,,,,,,,,,,,,Moderately High Risk,
Axis Nifty500 Quality 50 Index Reg,commodity,Commodities: Silver,Regular,,,,BSE 500 TRI,,,,,,,,,,,,,25,https://www.valueresearchonline.com/funds/45467/,INF846KA1192,153830,,,,,,,,,,,,,Moderately High Risk,
Bajaj Finserv Flexi Cap Reg,commodity,Commodities: Silver,Regular,5.42,,,BSE 500 TRI,1.84,,,,,,,,,,,,25,https://www.valueresearchonline.com/funds/43651/,INF0QA701383,151898,,,,,,,,,,,,,Moderately High Risk,
Bandhan Flexi Cap Reg,commodity,Commodities: Silver,Regular,1.51,13.14,11.59,BSE 500 TRI,1.84,13.36,12.53,0.64,0.88,0.55,13.87,13.54,,,,,25,https://www.valueresearchonline.com/funds/2886/,INF194K01391,108594,2,2,2,3,1,,,,4,6,,10,Moderately High Risk,Average
Bandhan Focused Reg,commodity,Commodities: Silver,Regular,2.25,14.87,12.43,BSE 500 TRI,1.84,13.36,12.53,2.07,0.98,0.59,16.71,15.75,,,,,25,https://www.valueresearchonline.com/funds/3151/,INF194K01DI1,119548,3,2,1,3,1,,,,5,5,,10,Moderately High Risk,Average
Bandhan Nifty 500 Momentum 50 Index Reg,commodity,Commodities: Silver,Regular,-0.58,,,BSE 500 TRI,1.84,,,,,,,,,,,,25,https://www.valueresearchonline.com/funds/44629/,INF194KB1IX2,153002,,,,,,,,,,,,,Moderately High Risk,
Bandhan Nifty Alpha 50 Index Reg,commodity,Commodities: Silver,Regular,2.28,,,BSE 500 TRI,1.84,,,,,,,,,,,,25,https://www.valueresearchonline.com/funds/43862/,INF194KB1GX6,152179,,,,,,,,,,,,,Moderately High Risk,
Bandhan Nifty Total Mkt Index Reg,commodity,Commodities: Silver,Regular,1.12,,,BSE 500 TRI,1.84,,,,,,,,,,,,25,https://www.valueresearchonline.com/funds/44402/,INF194KB1IH5,152717,,,,,,,,,,,,,Moderately High Risk,
Bank of India Flexi Cap Reg,commodity,Commodities: Silver,Regular,9.5,20.87,16.87,BSE 500 TRI,1.84,13.36,12.53,6.18,1.12,0.8,19.04,21.01,,,,,25,https://www.valueresearchonline.com/funds/41016/,INF761K01FI9,148405,4,2,1,4,1,,,,6,6,,12,Moderately High Risk,Average
Baroda BNP Paribas Children's Reg,commodity,Commodities: Silver,Regular,5.83,,,BSE 500 TRI,1.84,,,,,,,,,,,,25,https://www.valueresearchonline.com/funds/44778/,INF251K01UC3,153170,,,,,,,,,,,,,Moderately High Risk,
Baroda BNP Paribas Flexi Cap Reg,commodity,Commodities: Silver,Regular,2.36,13.74,,BSE 500 TRI,1.84,13.36,,0.95,1,0.56,15.88,14.79,,,,,25,https://www.valueresearchonline.com/funds/42310/,INF251K01QW9,150385,2,2,1,3,1,,,,4,5,,9,Moderately High Risk,Average
Baroda BNP Paribas Focused Reg,commodity,Commodities: Silver,Regular,-3.47,9.66,10,BSE 500 TRI,1.84,13.36,12.53,-3.21,1.08,0.31,17.29,11.28,,,,,25,https://www.valueresearchonline.com/funds/34651/,INF251K01PK6,150263,1,2,1,2,1,,,,3,4,,7,Moderately High Risk,Average
Canara Robeco Flexi Cap Reg,commodity,Commodities: Silver,Regular,0.65,12.09,11.07,BSE 500 TRI,1.84,13.36,12.53,-0.94,0.93,0.45,14.52,12.37,,,,,25,https://www.valueresearchonline.com/funds/1839/,INF760K01019,101922,1,2,2,3,1,,,,3,6,,9,Moderately High Risk,Average
Canara Robeco Focused Reg,commodity,Commodities: Silver,Regular,-1.58,13.01,12.8,BSE 500 TRI,1.84,13.36,12.53,0.03,0.92,0.5,14.62,13.24,,,,,25,https://www.valueresearchonline.com/funds/41456/,INF760K01JT0,148884,2,2,2,3,1,,,,4,6,,10,Moderately High Risk,Average
Capitalmind Flexi Cap Reg,commodity,Commodities: Silver,Regular,,,,BSE 500 TRI,,,,,,,,,,,,,25,https://www.valueresearchonline.com/funds/45312/,INF226401026,153739,,,,,,,,,,,,,Moderately High Risk,
DSP Flexi Cap Reg,commodity,Commodities: Silver,Regular,-0.04,13.08,11.07,BSE 500 TRI,1.84,13.36,12.53,0.05,0.97,0.51,15.42,13.69,,,,,25,https://www.valueresearchonline.com/funds/393/,INF740K01037,105875,2,2,1,3,1,,,,4,5,,9,Moderately High Risk,Average
DSP Focused Reg,commodity,Commodities: Silver,Regular,0.5,14.99,11.19,BSE 500 TRI,1.84,13.36,12.53,1.46,0.96,0.59,15.52,14.98,,,,,25,https://www.valueresearchonline.com/funds/11183/,INF740K01RO1,119332,2,2,1,3,1,,,,4,5,,9,Moderately High Risk,Average
DSP Nifty500 Flexicap Quality 30 Index Reg,commodity,Commodities: Silver,Regular,,,,BSE 500 TRI,,,,,,,,,,,,,25,https://www.valueresearchonline.com/funds/45444/,INF740KA1WO2,153802,,,,,,,,,,,,,Moderately High Risk,
DSP Nifty 500 Index Reg,commodity,Commodities: Silver,Regular,,,,BSE 500 TRI,,,,,,,,,,,,,25,https://www.valueresearchonline.com/funds/45717/,INF740KA1XV5,154090,,,,,,,,,,,,,Moderately High Risk,
Edelweiss Flexi Cap Reg,commodity,Commodities: Silver,Regular,2.28,15.04,13.63,BSE 500 TRI,1.84,13.36,12.53,1.81,0.99,0.63,15.46,15.55,,,,,25,https://www.valueresearchonline.com/funds/29261/,INF843K01KN5,140355,2,2,1,3,1,,,,4,5,,9,Moderately High Risk,Average
Edelweiss Focused Reg,commodity,Commodities: Silver,Regular,1.56,13.55,,BSE 500 TRI,1.84,13.36,,0.29,0.98,0.52,15.54,14.01,,,,,25,https://www.valueresearchonline.com/funds/42296/,INF754K01CO2,119561,2,2,1,3,1,,,,4,5,,9,Moderately High Risk,Average
Franklin India Flexi Cap Reg,commodity,Commodities: Silver,Regular,-2.28,14.41,13.86,BSE 500 TRI,1.84,13.36,12.53,1.35,0.92,0.6,14.46,14.58,,,,,25,https://www.valueresearchonline.com/funds/116/,INF090I01205,100021,2,2,2,3,1,,,,4,6,,10,Moderately High Risk,Average
Franklin India Focused Equity Reg,commodity,Commodities: Silver,Regular,-4.49,10.71,11.71,BSE 500 TRI,1.84,13.36,12.53,-1.52,0.88,0.39,14.11,11.36,,,,,25,https://www.valueresearchonline.com/funds/5141/,INF090I01106,100141,1,2,2,2,1,,,,3,5,,8,Moderately High Risk,Average
Groww Nifty 500 Momentum 50 ETF FoF Reg,commodity,Commodities: Silver,Regular,-0.14,,,BSE 500 TRI,1.84,,,,,,,,,,,,1,https://www.valueresearchonline.com/funds/45095/,INF666M01KC9,153456,,,,,,,,,,,,,Moderately High Risk,
Groww Nifty Total Market Index Reg,commodity,Commodities: Silver,Regular,1.22,,,BSE 500 TRI,1.84,,,,,,,,,,,,25,https://www.valueresearchonline.com/funds/43804/,INF666M01HJ0,152127,,,,,,,,,,,,,Moderately High Risk,
HDFC BSE 500 Index Reg,commodity,Commodities: Silver,Regular,0.95,12.09,,BSE 500 TRI,1.84,13.36,,-1.13,1,0.45,15.34,12.69,,,,,25,https://www.valueresearchonline.com/funds/43476/,INF179KC1GH7,151729,1,2,1,3,1,,,,3,5,,8,Moderately High Risk,Average
HDFC Diversified Equity All Cap Active FoF Reg,commodity,Commodities: Silver,Regular,,,,BSE 500 TRI,,,,,,,,,,,,,5,https://www.valueresearchonline.com/funds/45483/,INF179KC1JR0,153861,,,,,,,,,,,,,Moderately High Risk,
HDFC Flexi Cap Reg,commodity,Commodities: Silver,Regular,2.45,17.37,17.87,BSE 500 TRI,1.84,13.36,12.53,4.62,0.82,0.85,13.11,17.06,,,,,25,https://www.valueresearchonline.com/funds/219/,INF179K01AC5,100386,4,2,2,3,1,,,,6,6,,12,Moderately High Risk,Average
HDFC Focused Reg,commodity,Commodities: Silver,Regular,1.08,16.72,18.9,BSE 500 TRI,1.84,13.36,12.53,4.03,0.79,0.81,12.81,16.25,,,,,25,https://www.valueresearchonline.com/funds/2372/,INF179K01CI5,100390,4,2,2,3,1,,,,6,6,,12,Moderately High Risk,Average
HDFC Retirement Savings Equity Reg,commodity,Commodities: Silver,Regular,-3.15,11.5,13.62,BSE 500 TRI,1.84,13.36,12.53,-0.9,0.86,0.44,13.54,11.87,,,,,25,https://www.valueresearchonline.com/funds/31779/,INF179KB1AJ4,130503,1,2,2,2,1,,,,3,5,,8,Moderately High Risk,Average
Helios Flexi Cap Reg,commodity,Commodities: Silver,Regular,8.81,,,BSE 500 TRI,1.84,,,,,,,,,,,,25,https://www.valueresearchonline.com/funds/43837/,INF0R8701012,152136,,,,,,,,,,,,,Moderately High Risk,
HSBC Flexi Cap Reg,commodity,Commodities: Silver,Regular,4.59,17.35,14.5,BSE 500 TRI,1.84,13.36,12.53,3.42,1.08,0.7,17.31,17.96,,,,,25,https://www.valueresearchonline.com/funds/2072/,INF336L01AF5,102252,3,2,1,3,1,,,,5,5,,10,Moderately High Risk,Average
HSBC Focused Reg,commodity,Commodities: Silver,Regular,6.31,14.98,11.73,BSE 500 TRI,1.84,13.36,12.53,1.22,1.03,0.56,16.85,15.3,,,,,25,https://www.valueresearchonline.com/funds/41020/,INF336L01NC1,140818,2,2,1,3,1,,,,4,5,,9,Moderately High Risk,Average
ICICI Pru BSE 500 ETF FOF,commodity,Commodities: Silver,Regular,0.63,12.19,,BSE 500 TRI,1.84,13.36,,-0.95,0.99,0.46,15.3,12.83,,,,,1,https://www.valueresearchonline.com/funds/41850/,INF666M01OA5,154223,1,2,1,3,1,,,,3,5,,8,Moderately High Risk,Average
ICICI Pru Diversified Equity All Cap Active FoF,commodity,Commodities: Silver,Regular,,,,BSE 500 TRI,,,,,,,,,,,,,5,https://www.valueresearchonline.com/funds/45887/,INF109K1A450,154265,,,,,,,,,,,,,Moderately High Risk,
ICICI Pru Diversified Equity All Cap Omni FoF,commodity,Commodities: Silver,Regular,2.37,17.74,16.22,BSE 500 TRI,1.84,13.36,12.53,4.2,0.92,0.8,14.38,17.42,,,,,10,https://www.valueresearchonline.com/funds/40660/,INF109KC1I31,148034,4,2,2,3,1,,,,6,6,,12,Moderately High Risk,Average
ICICI Pru Flexicap,commodity,Commodities: Silver,Regular,6.96,15.72,,BSE 500 TRI,1.84,13.36,,2.36,0.96,0.65,15.38,15.88,,,,,25,https://www.valueresearchonline.com/funds/41523/,INF109KC1Q80,148989,3,2,1,3,1,,,,5,5,,10,Moderately High Risk,Average
ICICI Pru Focused Equity,commodity,Commodities: Silver,Regular,3.14,18.32,16.81,BSE 500 TRI,1.84,13.36,12.53,4.55,0.96,0.8,15.28,18.07,,,,,25,https://www.valueresearchonline.com/funds/10399/,INF109K01BZ4,111957,4,2,1,4,1,,,,6,6,,12,Moderately High Risk,Average
ICICI Pru Nifty 500 Index,commodity,Commodities: Silver,Regular,1,,,BSE 500 TRI,1.84,,,,,,,,,,,,25,https://www.valueresearchonline.com/funds/44818/,INF109KC13Y0,153162,,,,,,,,,,,,,Moderately High Risk,
ICICI Pru Retirement Pure Equity,commodity,Commodities: Silver,Regular,9.62,22.26,21.38,BSE 500 TRI,1.84,13.36,12.53,8.29,1.03,1,16.54,22.42,,,,,25,https://www.valueresearchonline.com/funds/39053/,INF109KC1TQ6,146346,4,3,1,4,1,,,,7,6,,13,Moderately High Risk,Good
Invesco India Flexi Cap Reg,commodity,Commodities: Silver,Regular,1.4,18.11,,BSE 500 TRI,1.84,13.36,,3.44,1.04,0.69,17.17,17.64,,,,,25,https://www.valueresearchonline.com/funds/42012/,INF205KA1460,149766,3,2,1,3,1,,,,5,5,,10,Moderately High Risk,Average
Invesco India Focused Reg,commodity,Commodities: Silver,Regular,-1.92,20.58,15.65,BSE 500 TRI,1.84,13.36,12.53,6.27,1.02,0.83,17.49,20.3,,,,,24,https://www.valueresearchonline.com/funds/41094/,INF205K01N94,140840,4,2,1,4,1,,,,6,6,,12,Moderately High Risk,Average
ITI Flexi Cap Reg,commodity,Commodities: Silver,Regular,7.88,18.27,,BSE 500 TRI,1.84,13.36,,3.74,1.07,0.71,17.24,18.14,,,,,25,https://www.valueresearchonline.com/funds/43118/,INF00XX01CL3,151377,3,2,1,4,1,,,,5,6,,11,Moderately High Risk,Average
ITI Focused Reg,commodity,Commodities: Silver,Regular,8.54,,,BSE 500 TRI,1.84,,,,,,,,,,,,25,https://www.valueresearchonline.com/funds/43532/,INF00XX01DE3,148259,,,,,,,,,,,,,Moderately High Risk,
JM Flexicap Reg,commodity,Commodities: Silver,Regular,0.15,16.12,16.64,BSE 500 TRI,1.84,13.36,12.53,2.87,1.05,0.65,17.41,17.16,,,,,25,https://www.valueresearchonline.com/funds/8653/,INF192K01635,109522,3,2,1,3,1,,,,5,5,,10,Moderately High Risk,Average
JM Focused Reg,commodity,Commodities: Silver,Regular,1.95,13.94,13.6,BSE 500 TRI,1.84,13.36,12.53,0.49,1.04,0.52,17.14,14.69,,,,,25,https://www.valueresearchonline.com/funds/6673/,INF192K01GZ3,104522,2,2,1,3,1,,,,4,5,,9,Moderately High Risk,Average
Kotak Flexicap Reg,commodity,Commodities: Silver,Regular,0.89,13.68,12.16,BSE 500 TRI,1.84,13.36,12.53,0.62,0.94,0.55,14.95,14.03,,,,,25,https://www.valueresearchonline.com/funds/10594/,INF174K01FK5,107265,2,2,2,3,1,,,,4,6,,10,Moderately High Risk,Average
Kotak Focused Reg,commodity,Commodities: Silver,Regular,9.18,15.52,13.16,BSE 500 TRI,1.84,13.36,12.53,1.94,0.93,0.64,14.54,15.23,,,,,25,https://www.valueresearchonline.com/funds/40096/,INF174KA1CM7,147901,2,2,2,3,1,,,,4,6,,10,Moderately High Risk,Average
Kotak Nifty500 Momentum 50 Index Reg,commodity,Commodities: Silver,Regular,,,,BSE 500 TRI,,,,,,,,,,,,,25,https://www.valueresearchonline.com/funds/45644/,INF174KA1YF1,154030,,,,,,,,,,,,,Moderately High Risk,
Kotak Nifty Alpha 50 Index Reg,commodity,Commodities: Silver,Regular,,,,BSE 500 TRI,,,,,,,,,,,,,25,https://www.valueresearchonline.com/funds/45400/,INF174KA1XJ5,153784,,,,,,,,,,,,,Moderately High Risk,
LIC MF Children's Reg,commodity,Commodities: Silver,Regular,3.02,9.65,8.4,BSE 500 TRI,1.84,13.36,12.53,-2.95,0.9,0.28,14.95,10.08,,,,,25,https://www.valueresearchonline.com/funds/1135/,INF767K01048,101271,1,2,2,2,1,,,,3,5,,8,Moderately High Risk,Average
LIC MF Flexi Cap Reg,commodity,Commodities: Silver,Regular,6.45,11.54,10.99,BSE 500 TRI,1.84,13.36,12.53,-1.7,0.97,0.38,15.97,11.95,,,,,25,https://www.valueresearchonline.com/funds/134/,INF767K01071,100313,1,2,1,2,1,,,,3,4,,7,Moderately High Risk,Average
LIC MF Focused Reg,commodity,Commodities: Silver,Regular,-2.33,9.43,9.77,BSE 500 TRI,1.84,13.36,12.53,-3.48,0.94,0.26,15.54,9.9,,,,,25,https://www.valueresearchonline.com/funds/34736/,INF397L01KE9,152009,1,2,1,2,1,,,,3,4,,7,Moderately High Risk,Average
Mahindra Manulife Flexi Cap Reg,commodity,Commodities: Silver,Regular,-1.56,11.42,,BSE 500 TRI,1.84,13.36,,-1.13,0.94,0.43,14.65,12.24,,,,,25,https://www.valueresearchonline.com/funds/41631/,INF174V01AP8,149101,1,2,2,3,1,,,,3,6,,9,Moderately High Risk,Average
Mahindra Manulife Focused Reg,commodity,Commodities: Silver,Regular,2.69,16.87,15.26,BSE 500 TRI,1.84,13.36,12.53,3.54,0.91,0.74,14.62,16.67,,,,,25,https://www.valueresearchonline.com/funds/41167/,INF174V01AD4,148571,3,2,2,3,1,,,,5,6,,11,Moderately High Risk,Average
Mirae Asset Flexi Cap Reg,commodity,Commodities: Silver,Regular,3.09,13.5,,BSE 500 TRI,1.84,13.36,,0.37,0.93,0.54,14.55,13.7,,,,,25,https://www.valueresearchonline.com/funds/43132/,INF769K01JG8,151414,2,2,2,3,1,,,,4,6,,10,Moderately High Risk,Average
Mirae Asset Focused Reg,commodity,Commodities: Silver,Regular,-6.29,6.97,7.13,BSE 500 TRI,1.84,13.36,12.53,-5.69,0.94,0.12,15.49,7.71,,,,,25,https://www.valueresearchonline.com/funds/39821/,INF769K01ES4,147203,1,2,1,1,1,,,,3,3,,6,Moderately High Risk,Average
Mirae Asset Nifty Total Market Index Reg,commodity,Commodities: Silver,Regular,1.34,,,BSE 500 TRI,1.84,,,,,,,,,,,,25,https://www.valueresearchonline.com/funds/44599/,INF769K01MA5,152970,,,,,,,,,,,,,Moderately High Risk,
Motilal Oswal BSE 1000 Index Reg,commodity,Commodities: Silver,Regular,,,,BSE 500 TRI,,,,,,,,,,,,,25,https://www.valueresearchonline.com/funds/45218/,INF247L01FN7,153597,,,,,,,,,,,,,Moderately High Risk,
Motilal Oswal Diversified Equity Flexicap Passive FoF Reg,commodity,Commodities: Silver,Regular,,,,BSE 500 TRI,,,,,,,,,,,,,3,https://www.valueresearchonline.com/funds/45728/,INF247L01GM7,154113,,,,,,,,,,,,,Moderately High Risk,
Motilal Oswal Flexi Cap Reg,commodity,Commodities: Silver,Regular,-3.57,18.1,12.14,BSE 500 TRI,1.84,13.36,12.53,4.84,0.95,0.72,17.35,18.33,,,,,25,https://www.valueresearchonline.com/funds/26123/,INF247L01478,129048,4,2,1,4,1,,,,6,6,,12,Moderately High Risk,Average
Motilal Oswal Focused Reg,commodity,Commodities: Silver,Regular,12.46,10.46,8.93,BSE 500 TRI,1.84,13.36,12.53,-2.48,1.06,0.31,19.17,11.86,,,,,25,https://www.valueresearchonline.com/funds/19512/,INF247L01155,122387,1,2,1,2,1,,,,3,4,,7,Moderately High Risk,Average
Motilal Oswal Nifty 500 Index Reg,commodity,Commodities: Silver,Regular,1.3,12.67,11.58,BSE 500 TRI,1.84,13.36,12.53,-0.6,1,0.48,15.43,13.27,,,,,25,https://www.valueresearchonline.com/funds/40239/,INF247L01940,147626,1,2,1,3,1,,,,3,5,,8,Moderately High Risk,Average
Motilal Oswal Nifty 500 Momentum 50 Index Reg,commodity,Commodities: Silver,Regular,-0.54,,,BSE 500 TRI,1.84,,,,,,,,,,,,25,https://www.valueresearchonline.com/funds/44553/,INF247L01DM4,152876,,,,,,,,,,,,,Moderately High Risk,
Navi Flexi Cap Reg,commodity,Commodities: Silver,Regular,9.82,11.87,11.62,BSE 500 TRI,1.84,13.36,12.53,-1.45,0.98,0.41,15.7,12.26,,,,,25,https://www.valueresearchonline.com/funds/36680/,INF959L01EE9,143787,1,2,1,3,1,,,,3,5,,8,Moderately High Risk,Average
Nippon India Diversified Equity Flexicap Passive FoF Reg,commodity,Commodities: Silver,Regular,0.39,12.47,11.48,BSE 500 TRI,1.84,13.36,12.53,-0.72,1,0.47,15.41,13.1,,,,,3,https://www.valueresearchonline.com/funds/41239/,INF204KB13X3,148641,1,2,1,3,1,,,,3,5,,8,Moderately High Risk,Average
Nippon India Flexi Cap Reg,commodity,Commodities: Silver,Regular,0.75,12.91,,BSE 500 TRI,1.84,13.36,,-0.35,1,0.49,15.75,13.51,,,,,25,https://www.valueresearchonline.com/funds/41614/,INF204KB1YA5,140867,1,2,1,3,1,,,,3,5,,8,Moderately High Risk,Average
Nippon India Focused Reg,commodity,Commodities: Silver,Regular,2.56,12.85,12.45,BSE 500 TRI,1.84,13.36,12.53,-0.17,0.94,0.49,15.05,13.21,,,,,25,https://www.valueresearchonline.com/funds/3900/,INF204K01F46,102048,1,2,1,3,1,,,,3,5,,8,Moderately High Risk,Average
Nippon India Nifty 500 Low Volatility 50 Index Reg,commodity,Commodities: Silver,Regular,2.15,,,BSE 500 TRI,1.84,,,,,,,,,,,,25,https://www.valueresearchonline.com/funds/45107/,INF204KC1EN9,153475,,,,,,,,,,,,,Moderately High Risk,
Nippon India Nifty 500 Momentum 50 Index Reg,commodity,Commodities: Silver,Regular,-0.4,,,BSE 500 TRI,1.84,,,,,,,,,,,,25,https://www.valueresearchonline.com/funds/44556/,INF204KC1DD2,152883,,,,,,,,,,,,,Moderately High Risk,
Nippon India Nifty 500 Quality 50 Index Reg,commodity,Commodities: Silver,Regular,1.06,,,BSE 500 TRI,1.84,,,,,,,,,,,,25,https://www.valueresearchonline.com/funds/45103/,INF204KC1ET6,153472,,,,,,,,,,,,,Moderately High Risk,
Nippon India Retirement Wealth Creation Reg,commodity,Commodities: Silver,Regular,1.38,13.7,12.88,BSE 500 TRI,1.84,13.36,12.53,0.92,0.97,0.57,15.27,14.54,,,,,25,https://www.valueresearchonline.com/funds/29289/,INF204KA1B64,133565,2,2,1,3,1,,,,4,5,,9,Moderately High Risk,Average
NJ Flexi Cap Reg,commodity,Commodities: Silver,Regular,-3.92,,,BSE 500 TRI,1.84,,,,,,,,,,,,25,https://www.valueresearchonline.com/funds/43712/,INF0J8L01131,151920,,,,,,,,,,,,,Moderately High Risk,
Old Bridge Flexi Cap Reg,commodity,Commodities: Silver,Regular,,,,BSE 500 TRI,,,,,,,,,,,,,25,https://www.valueresearchonline.com/funds/45844/,INF0S5R01166,154226,,,,,,,,,,,,,Moderately High Risk,
Old Bridge Focused Reg,commodity,Commodities: Silver,Regular,9.01,,,BSE 500 TRI,1.84,,,,,,,,,,,,24,https://www.valueresearchonline.com/funds/44036/,INF0S5R01034,152361,,,,,,,,,,,,,Moderately High Risk,
Parag Parikh Flexi Cap Reg,commodity,Commodities: Silver,Regular,-1.15,14.5,14.38,BSE 500 TRI,1.84,13.36,12.53,3.68,0.6,0.86,9.9,14.34,,,,,25,https://www.valueresearchonline.com/funds/19699/,INF879O01019,122640,3,2,3,3,2,,,,5,8,,13,Moderately High Risk,Good
PGIM India Flexi Cap Reg,commodity,Commodities: Silver,Regular,1.21,10.01,9.44,BSE 500 TRI,1.84,13.36,12.53,-2.74,0.91,0.31,14.46,10.39,,,,,25,https://www.valueresearchonline.com/funds/29471/,INF663L01FJ3,133836,1,2,2,2,1,,,,3,5,,8,Moderately High Risk,Average
Quant Flexi Cap Reg,commodity,Commodities: Silver,Regular,13.28,18.42,16.65,BSE 500 TRI,1.84,13.36,12.53,4.56,1.16,0.71,19.53,19.68,,,,,25,https://www.valueresearchonline.com/funds/8827/,INF966L01457,109830,4,2,1,4,1,,,,6,6,,12,Moderately High Risk,Average
Quantum Diversified Equity All Cap Active FoF Reg,commodity,Commodities: Silver,Regular,1.2,13.08,11.71,BSE 500 TRI,1.84,13.36,12.53,0.05,0.92,0.52,14.32,13.29,,,,,7,https://www.valueresearchonline.com/funds/33962/,INF082J01275,141063,2,2,2,3,1,,,,4,6,,10,Moderately High Risk,Average
Samco Flexi Cap Reg,commodity,Commodities: Silver,Regular,-7.41,-0.07,,BSE 500 TRI,1.84,13.36,,-12.42,1.07,-0.2,19.38,2,,,,,25,https://www.valueresearchonline.com/funds/41934/,INF0K1H01016,149449,1,1,1,1,1,,,,2,3,,5,Moderately High Risk,Poor
SBI Flexicap Reg,commodity,Commodities: Silver,Regular,0.37,9.4,9.57,BSE 500 TRI,1.84,13.36,12.53,-2.81,0.87,0.3,13.62,9.99,,,,,25,https://www.valueresearchonline.com/funds/2859/,INF200K01T56,128277,1,2,2,2,1,,,,3,5,,8,Moderately High Risk,Average
SBI Focused Reg,commodity,Commodities: Silver,Regular,11.23,16.47,13.09,BSE 500 TRI,1.84,13.36,12.53,4.49,0.82,0.79,14.01,16.95,,,,,24,https://www.valueresearchonline.com/funds/2415/,INF200K01OP7,100459,4,2,2,3,1,,,,6,6,,12,Moderately High Risk,Average
SBI Nifty 500 Index Reg,commodity,Commodities: Silver,Regular,1.32,,,BSE 500 TRI,1.84,,,,,,,,,,,,25,https://www.valueresearchonline.com/funds/44565/,INF200KB1357,152906,,,,,,,,,,,,,Moderately High Risk,
SBI Retirement Benefit Aggressive Reg,commodity,Commodities: Silver,Regular,0.09,9.4,12.43,BSE 500 TRI,1.84,13.36,12.53,-3.4,0.94,0.28,14.79,9.98,,,,,25,https://www.valueresearchonline.com/funds/41269/,INF200KA1S30,148698,1,2,2,2,1,,,,3,5,,8,Moderately High Risk,Average
Shriram Flexi Cap Reg,commodity,Commodities: Silver,Regular,-0.34,8.43,8.48,BSE 500 TRI,1.84,13.36,12.53,-4.22,1,0.22,16.95,9.65,,,,,25,https://www.valueresearchonline.com/funds/37579/,INF680P01075,144902,1,2,1,2,1,,,,3,4,,7,Moderately High Risk,Average
Sundaram Flexi Cap Reg,commodity,Commodities: Silver,Regular,-1.41,10.39,,BSE 500 TRI,1.84,13.36,,-2.06,0.92,0.36,14.51,11.13,,,,,25,https://www.valueresearchonline.com/funds/42502/,INF903JA1LB8,150568,1,2,2,2,1,,,,3,5,,8,Moderately High Risk,Average
Sundaram Focused Reg,commodity,Commodities: Silver,Regular,1.52,10.65,10.33,BSE 500 TRI,1.84,13.36,12.53,-1.38,0.82,0.39,13.1,11.01,,,,,25,https://www.valueresearchonline.com/funds/2916/,INF903J01KW8,100573,1,2,2,2,1,,,,3,5,,8,Moderately High Risk,Average
Tata Children's Reg,commodity,Commodities: Silver,Regular,-7.66,7.6,8.93,BSE 500 TRI,1.84,13.36,12.53,-5.04,0.97,0.18,15.37,8.62,,,,,25,https://www.valueresearchonline.com/funds/210/,INF277K01AJ5,101491,1,2,1,2,1,,,,3,4,,7,Moderately High Risk,Average
Tata Flexi Cap Reg,commodity,Commodities: Silver,Regular,-2.35,11.92,10.33,BSE 500 TRI,1.84,13.36,12.53,0.28,0.86,0.52,13.72,13.02,,,,,25,https://www.valueresearchonline.com/funds/37435/,INF277K019K2,144548,2,2,2,3,1,,,,4,6,,10,Moderately High Risk,Average
Tata Focused Reg,commodity,Commodities: Silver,Regular,0.52,12.02,11.57,BSE 500 TRI,1.84,13.36,12.53,-0.27,0.91,0.48,14.66,12.9,,,,,25,https://www.valueresearchonline.com/funds/40403/,INF277KA1DP1,147920,1,2,2,3,1,,,,3,6,,9,Moderately High Risk,Average
Tata Retirement Savings Progressive Reg,commodity,Commodities: Silver,Regular,2.2,14.04,11.14,BSE 500 TRI,1.84,13.36,12.53,1.11,1,0.56,16.34,14.96,,,,,25,https://www.valueresearchonline.com/funds/13413/,INF277K01FG0,115942,2,2,1,3,1,,,,4,5,,9,Moderately High Risk,Average
Taurus Flexi Cap Reg,commodity,Commodities: Silver,Regular,-0.48,12.33,10.4,BSE 500 TRI,1.84,13.36,12.53,-1.05,1.01,0.44,16.11,12.88,,,,,25,https://www.valueresearchonline.com/funds/214/,INF044D01989,100476,1,2,1,3,1,,,,3,5,,8,Moderately High Risk,Average
The Wealth Company Flexi Cap Reg,commodity,Commodities: Silver,Regular,,,,BSE 500 TRI,,,,,,,,,,,,,25,https://www.valueresearchonline.com/funds/45497/,INF2F0001016,153870,,,,,,,,,,,,,Moderately High Risk,
TRUST MF Flexi Cap Reg,commodity,Commodities: Silver,Regular,2.12,,,BSE 500 TRI,1.84,,,,,,,,,,,,25,https://www.valueresearchonline.com/funds/44269/,INF0GCD01719,152582,,,,,,,,,,,,,Moderately High Risk,
Unifi Flexi Cap Reg,commodity,Commodities: Silver,Regular,3.43,,,BSE 500 TRI,1.84,,,,,,,,,,,,25,https://www.valueresearchonline.com/funds/45188/,INF1MIY01049,153542,,,,,,,,,,,,,Moderately High Risk,
Union Children's Reg,commodity,Commodities: Silver,Regular,3.45,,,BSE 500 TRI,1.84,,,,,,,,,,,,25,https://www.valueresearchonline.com/funds/43922/,INF582M01EJ6,152276,,,,,,,,,,,,,Moderately High Risk,
Union Diversified Equity All Cap Active FoF Reg,commodity,Commodities: Silver,Regular,,,,BSE 500 TRI,,,,,,,,,,,,,5,https://www.valueresearchonline.com/funds/45471/,INF582M01LV6,153822,,,,,,,,,,,,,Moderately High Risk,
Union Flexi Cap Reg,commodity,Commodities: Silver,Regular,0.97,12.12,11.59,BSE 500 TRI,1.84,13.36,12.53,-0.64,0.94,0.46,14.91,12.76,,,,,25,https://www.valueresearchonline.com/funds/12817/,INF582M01104,115270,1,2,2,3,1,,,,3,6,,9,Moderately High Risk,Average
Union Focused Reg,commodity,Commodities: Silver,Regular,9.02,12.65,11.48,BSE 500 TRI,1.84,13.36,12.53,0.27,0.86,0.5,14.34,13.05,,,,,25,https://www.valueresearchonline.com/funds/40106/,INF582M01DL4,147948,2,2,2,3,1,,,,4,6,,10,Moderately High Risk,Average
Union Retirement Reg,commodity,Commodities: Silver,Regular,6.04,14.92,,BSE 500 TRI,1.84,13.36,,2.01,0.91,0.65,14.25,15.12,,,,,25,https://www.valueresearchonline.com/funds/42490/,INF582M01CQ5,141891,3,2,2,3,1,,,,5,6,,11,Moderately High Risk,Average
UTI Children's Equity Reg,commodity,Commodities: Silver,Regular,-4.03,9.14,8.74,BSE 500 TRI,1.84,13.36,12.53,-3.39,0.94,0.28,14.81,9.98,,,,,25,https://www.valueresearchonline.com/funds/2090/,INF789F1AZT4,102267,1,2,2,2,1,,,,3,5,,8,Moderately High Risk,Average
UTI Flexi Cap Reg,commodity,Commodities: Silver,Regular,-4.45,7.54,6.1,BSE 500 TRI,1.84,13.36,12.53,-4.83,0.86,0.14,14.3,7.94,,,,,25,https://www.valueresearchonline.com/funds/247/,INF189A01053,100668,1,2,2,1,1,,,,3,4,,7,Moderately High Risk,Average
UTI Focused Reg,commodity,Commodities: Silver,Regular,-2.3,10.39,,BSE 500 TRI,1.84,13.36,,-2.08,0.94,0.36,14.93,11.28,,,,,25,https://www.valueresearchonline.com/funds/41627/,INF789F1ACL4,140939,1,2,2,2,1,,,,3,5,,8,Moderately High Risk,Average
UTI Nifty500 Shariah Index Reg,commodity,Commodities: Silver,Regular,,,,BSE 500 TRI,,,,,,,,,,,,,25,https://www.valueresearchonline.com/funds/45820/,INF789F1AC96,154198,,,,,,,,,,,,,Moderately High Risk,
WhiteOak Capital Flexi Cap Reg,commodity,Commodities: Silver,Regular,2.63,15.6,,BSE 500 TRI,1.84,13.36,,2.56,0.91,0.68,14.48,15.71,,,,,25,https://www.valueresearchonline.com/funds/42318/,INF03VN01506,150347,3,2,2,3,1,,,,5,6,,11,Moderately High Risk,Average
