Fund Name,Plan,VR ID,ISIN,Company Name,Sector,P/E Ratio,% Assets
ABSL Income Plus Arbitrage Active FoF Reg*,Regular,4018,#N/A,Aditya Birla SL Arbitrage Direct-G,Unspecified,--,37.36
ABSL Transportation And Logistics Reg,Regular,43828,#N/A,Adani Ports,Industrials,32.78,4.02
ABSL Transportation And Logistics Reg,Regular,43828,#N/A,Tata Motors,Industrials,44.35,3.53
ABSL Transportation And Logistics Reg,Regular,43828,#N/A,SEDEMAC Mechatronics,Industrials,108.41,3.89
ABSL Transportation And Logistics Reg,Regular,43828,#N/A,Minda,Consumer Discretionary,42.97,4.09
ABSL Transportation And Logistics Reg,Regular,43828,#N/A,Interglobe Aviation,Industrials,--,4.8
ABSL Transportation And Logistics Reg,Regular,43828,#N/A,TVS Motor,Consumer Discretionary,52.55,4.96
ABSL Transportation And Logistics Reg,Regular,43828,#N/A,Samvardhana Motherson,Consumer Discretionary,38.86,5.06
ABSL Transportation And Logistics Reg,Regular,43828,#N/A,Maruti Suzuki,Consumer Discretionary,28.01,7.61
ABSL Transportation And Logistics Reg,Regular,43828,#N/A,Eternal,Technology,631.76,7.71
ABSL Transportation And Logistics Reg,Regular,43828,#N/A,Mahindra & Mahindra,Consumer Discretionary,21.47,13.37
ABSL US Treasury 1-3 Year Bonds ETFs Passive FoF Reg*,Regular,43822,INF209KB13W4,--,--,--,--
ABSL US Treasury 3-10 Year Bonds ETFs Passive FoF Reg*,Regular,43818,INF209KB19W1,--,--,--,--
Axis Income Plus Arbitrage Active FoF Reg*,Regular,40518,#N/A,Aditya Birla SL Arbitrage Direct-G,Unspecified,--,19.05
Axis Income Plus Arbitrage Active FoF Reg*,Regular,40518,#N/A,Axis Arbitrage Direct-G,Unspecified,--,25.2
Axis Income Plus Arbitrage Passive FoF Reg*,Regular,45572,#N/A,Axis Arbitrage Direct-G,Unspecified,--,36.4
Axis US Specific Treasury Dynamic Debt Passive FoF Reg*,Regular,43976,INF846K013T8,--,--,--,--
Bandhan Income Plus Arbitrage Active FoF Reg,Regular,2364,#N/A,Bandhan Arbitrage Direct-G,Unspecified,--,40.98
Bandhan Transportation and Logistics Reg,Regular,42623,#N/A,Hero Motocorp,Consumer Discretionary,16.92,5.52
Bandhan Transportation and Logistics Reg,Regular,42623,#N/A,Maruti Suzuki,Consumer Discretionary,28.01,9.46
Bandhan Transportation and Logistics Reg,Regular,42623,#N/A,Mahindra & Mahindra,Consumer Discretionary,21.47,9.14
Bandhan Transportation and Logistics Reg,Regular,42623,#N/A,Bosch,Consumer Discretionary,40.19,5.22
Bandhan Transportation and Logistics Reg,Regular,42623,#N/A,Samvardhana Motherson,Consumer Discretionary,38.86,5.03
Bandhan Transportation and Logistics Reg,Regular,42623,#N/A,Bajaj Auto,Consumer Discretionary,26.38,4.71
Bandhan Transportation and Logistics Reg,Regular,42623,#N/A,Eternal,Technology,631.76,4.51
Bandhan Transportation and Logistics Reg,Regular,42623,#N/A,Hyundai Motor India,Consumer Discretionary,28.29,4.33
Bandhan Transportation and Logistics Reg,Regular,42623,#N/A,Eicher Motors,Consumer Discretionary,35.83,3.77
Bandhan Transportation and Logistics Reg,Regular,42623,#N/A,Tata Motors,Industrials,44.35,5.7
Bandhan US Treasury Bond 0-1 year Specific Debt Passive FoF Reg,Regular,43351,INF194KB1FT6,--,--,--,--
Baroda BNP Paribas Income Plus Arbitrage Active FoF Reg,Regular,45171,#N/A,Baroda BNP Paribas Arbitrage Direct-G,Unspecified,--,36.43
DSP Income Plus Arbitrage Omni FoF Reg*,Regular,27665,#N/A,DSP Arbitrage Direct-G,Unspecified,--,37.24
DSP US Specific Debt Passive FoF Reg*,Regular,44194,INF740KA1UG2,--,--,--,--
Edelweiss Income Plus Arbitrage Omni FoF Reg*,Regular,45318,#N/A,Edelweiss Arbitrage Direct-G,Unspecified,--,38.6
Franklin India Income Plus Arbitrage Active FoF Reg*,Regular,28715,#N/A,Tata Arbitrage Direct-G,Unspecified,--,6.37
Franklin India Income Plus Arbitrage Active FoF Reg*,Regular,28715,#N/A,Franklin India Arbitrage Direct-G,Unspecified,--,19.4
Franklin India Income Plus Arbitrage Active FoF Reg*,Regular,28715,#N/A,Aditya Birla SL Arbitrage Direct-G,Unspecified,--,7.48
Franklin India Income Plus Arbitrage Active FoF Reg*,Regular,28715,#N/A,Kotak Arbitrage Direct-G,Unspecified,--,7.28
Groww Nifty EV & New Age Automotive ETF,Regular,44448,#N/A,Bajaj Auto,Consumer Discretionary,26.38,3.54
Groww Nifty EV & New Age Automotive ETF,Regular,44448,#N/A,Reliance Ind,Energy & Utilities,21.1,3.68
Groww Nifty EV & New Age Automotive ETF,Regular,44448,#N/A,UNO Minda,Consumer Discretionary,51.94,3.77
Groww Nifty EV & New Age Automotive ETF,Regular,44448,#N/A,Samvardhana Motherson,Consumer Discretionary,38.86,3.96
Groww Nifty EV & New Age Automotive ETF,Regular,44448,#N/A,KEI,Industrials,53.8,4.28
Groww Nifty EV & New Age Automotive ETF,Regular,44448,#N/A,Bosch,Consumer Discretionary,40.19,4.35
Groww Nifty EV & New Age Automotive ETF,Regular,44448,#N/A,Sona BLW Precision,Consumer Discretionary,57.21,4.46
Groww Nifty EV & New Age Automotive ETF,Regular,44448,#N/A,Mahindra & Mahindra,Consumer Discretionary,21.47,7.43
Groww Nifty EV & New Age Automotive ETF,Regular,44448,#N/A,Maruti Suzuki,Consumer Discretionary,28.01,7.76
Groww Nifty EV & New Age Automotive ETF,Regular,44448,#N/A,CG Power,Industrials,118.53,4.43
Groww Nifty EV & New Age Automotive ETF FoF Reg,Regular,44449,#N/A,Groww Nifty EV & New Age Automotive ETF-G,Unspecified,--,100.02
HDFC Income Plus Arbitrage Active FoF Reg,Regular,13882,#N/A,HDFC Arbitrage Direct-G,Unspecified,--,36.34
HDFC Income Plus Arbitrage Omni FoF Reg,Regular,45875,#N/A,HDFC Arbitrage Direct-G,Unspecified,--,35.62
HDFC Transportation and Logistics Reg,Regular,43686,#N/A,Eicher Motors,Consumer Discretionary,35.83,9.8
HDFC Transportation and Logistics Reg,Regular,43686,#N/A,Mahindra & Mahindra,Consumer Discretionary,21.47,3.63
HDFC Transportation and Logistics Reg,Regular,43686,#N/A,Eternal,Technology,631.76,4.63
HDFC Transportation and Logistics Reg,Regular,43686,#N/A,Tata Motors,Industrials,44.35,5.2
HDFC Transportation and Logistics Reg,Regular,43686,#N/A,Sona BLW Precision,Consumer Discretionary,57.21,6.88
HDFC Transportation and Logistics Reg,Regular,43686,#N/A,Gabriel India,Consumer Discretionary,57.75,5.57
HDFC Transportation and Logistics Reg,Regular,43686,#N/A,Hyundai Motor India,Consumer Discretionary,28.29,5.73
HDFC Transportation and Logistics Reg,Regular,43686,#N/A,Maruti Suzuki,Consumer Discretionary,28.01,9.15
HDFC Transportation and Logistics Reg,Regular,43686,#N/A,Hero Motocorp,Consumer Discretionary,16.92,5.26
HDFC Transportation and Logistics Reg,Regular,43686,#N/A,Bosch,Consumer Discretionary,40.19,6.98
HSBC Income Plus Arbitrage Active FoF Reg*,Regular,25866,#N/A,HSBC Arbitrage Direct-G,Unspecified,--,35.56
ICICI Pru Income Plus Arbitrage Omni FoF,Regular,1933,#N/A,ICICI Pru Arbitrage Direct-G,Unspecified,--,38.2
ICICI Pru Nifty Auto ETF,Regular,41939,#N/A,Mahindra & Mahindra,Consumer Discretionary,21.47,23.12
ICICI Pru Nifty Auto ETF,Regular,41939,#N/A,Maruti Suzuki,Consumer Discretionary,28.01,14.63
ICICI Pru Nifty Auto ETF,Regular,41939,#N/A,Bajaj Auto,Consumer Discretionary,26.38,9.84
ICICI Pru Nifty Auto ETF,Regular,41939,#N/A,Eicher Motors,Consumer Discretionary,35.83,8.39
ICICI Pru Nifty Auto ETF,Regular,41939,#N/A,Tata Motors Passenger Vehicles,Consumer Discretionary,1.7,7.01
ICICI Pru Nifty Auto ETF,Regular,41939,#N/A,Bharat Forge,Consumer Discretionary,86.38,4.44
ICICI Pru Nifty Auto ETF,Regular,41939,#N/A,TVS Motor,Consumer Discretionary,52.55,6.7
ICICI Pru Nifty Auto ETF,Regular,41939,#N/A,Ashok Leyland,Industrials,23.96,3.78
ICICI Pru Nifty Auto ETF,Regular,41939,#N/A,Hero Motocorp,Consumer Discretionary,16.92,5.41
ICICI Pru Nifty Auto ETF,Regular,41939,#N/A,Samvardhana Motherson,Consumer Discretionary,38.86,5.48
ICICI Pru Nifty Auto Index,Regular,42560,#N/A,Ashok Leyland,Industrials,23.96,3.78
ICICI Pru Nifty Auto Index,Regular,42560,#N/A,Hero Motocorp,Consumer Discretionary,16.92,5.4
ICICI Pru Nifty Auto Index,Regular,42560,#N/A,Samvardhana Motherson,Consumer Discretionary,38.86,5.48
ICICI Pru Nifty Auto Index,Regular,42560,#N/A,TVS Motor,Consumer Discretionary,52.55,6.69
ICICI Pru Nifty Auto Index,Regular,42560,#N/A,Tata Motors Passenger Vehicles,Consumer Discretionary,1.7,7.01
ICICI Pru Nifty Auto Index,Regular,42560,#N/A,Eicher Motors,Consumer Discretionary,35.83,8.39
ICICI Pru Nifty Auto Index,Regular,42560,#N/A,Bajaj Auto,Consumer Discretionary,26.38,9.84
ICICI Pru Nifty Auto Index,Regular,42560,#N/A,Maruti Suzuki,Consumer Discretionary,28.01,14.62
ICICI Pru Nifty Auto Index,Regular,42560,#N/A,Mahindra & Mahindra,Consumer Discretionary,21.47,23.11
ICICI Pru Nifty Auto Index,Regular,42560,#N/A,Bharat Forge,Consumer Discretionary,86.38,4.43
ICICI Pru Nifty EV & New Age Automotive ETF,Regular,45083,#N/A,Exide,Consumer Discretionary,38.41,3.6
ICICI Pru Nifty EV & New Age Automotive ETF,Regular,45083,#N/A,Bajaj Auto,Consumer Discretionary,26.38,3.61
ICICI Pru Nifty EV & New Age Automotive ETF,Regular,45083,#N/A,UNO Minda,Consumer Discretionary,51.94,3.65
ICICI Pru Nifty EV & New Age Automotive ETF,Regular,45083,#N/A,Bosch,Consumer Discretionary,40.19,4.31
ICICI Pru Nifty EV & New Age Automotive ETF,Regular,45083,#N/A,Sona BLW Precision,Consumer Discretionary,57.21,4.36
ICICI Pru Nifty EV & New Age Automotive ETF,Regular,45083,#N/A,KEI,Industrials,53.8,4.52
ICICI Pru Nifty EV & New Age Automotive ETF,Regular,45083,#N/A,CG Power,Industrials,118.53,4.88
ICICI Pru Nifty EV & New Age Automotive ETF,Regular,45083,#N/A,Mahindra & Mahindra,Consumer Discretionary,21.47,7.13
ICICI Pru Nifty EV & New Age Automotive ETF,Regular,45083,#N/A,Maruti Suzuki,Consumer Discretionary,28.01,7.47
ICICI Pru Nifty EV & New Age Automotive ETF,Regular,45083,#N/A,Samvardhana Motherson,Consumer Discretionary,38.86,4.65
ICICI Pru Nifty EV & New Age Automotive ETF FoF Reg,Regular,45086,#N/A,ICICI Pru Nifty EV & New Age Automotive ETF-G,Unspecified,--,99.2
ICICI Pru Transportation and Logistics,Regular,42619,#N/A,Samvardhana Motherson,Consumer Discretionary,38.86,3.12
ICICI Pru Transportation and Logistics,Regular,42619,#N/A,TVS Motor,Consumer Discretionary,52.55,6.01
ICICI Pru Transportation and Logistics,Regular,42619,#N/A,Bajaj Auto,Consumer Discretionary,26.38,6.38
ICICI Pru Transportation and Logistics,Regular,42619,#N/A,Interglobe Aviation,Industrials,--,6.51
ICICI Pru Transportation and Logistics,Regular,42619,#N/A,Maruti Suzuki,Consumer Discretionary,28.01,7.49
ICICI Pru Transportation and Logistics,Regular,42619,#N/A,Eternal,Technology,631.76,8.93
ICICI Pru Transportation and Logistics,Regular,42619,#N/A,Mahindra & Mahindra,Consumer Discretionary,21.47,12.12
ICICI Pru Transportation and Logistics,Regular,42619,#N/A,Eicher Motors,Consumer Discretionary,35.83,3.2
ICICI Pru Transportation and Logistics,Regular,42619,#N/A,Tata Motors,Industrials,44.35,3.4
ICICI Pru Transportation and Logistics,Regular,42619,#N/A,Hyundai Motor India,Consumer Discretionary,28.29,4.3
Invesco India Income Plus Arbitrage Active FoF Reg,Regular,45306,#N/A,Invesco India Arbitrage Direct-G,Unspecified,--,36.95
Kotak Income Plus Arbitrage Omni FoF Reg,Regular,42755,#N/A,--,--,--,--
Kotak Transportation & Logistics Reg,Regular,44728,#N/A,Bajaj Auto,Consumer Discretionary,26.38,4.86
Kotak Transportation & Logistics Reg,Regular,44728,#N/A,Interglobe Aviation,Industrials,--,5.29
Kotak Transportation & Logistics Reg,Regular,44728,#N/A,ZF Commercial,Consumer Discretionary,53.98,5.3
Kotak Transportation & Logistics Reg,Regular,44728,#N/A,Mahindra & Mahindra,Consumer Discretionary,21.47,6.38
Kotak Transportation & Logistics Reg,Regular,44728,#N/A,Hero Motocorp,Consumer Discretionary,16.92,8.73
Kotak Transportation & Logistics Reg,Regular,44728,#N/A,Maruti Suzuki,Consumer Discretionary,28.01,9.14
Kotak Transportation & Logistics Reg,Regular,44728,#N/A,Great Eastern Ship,Energy & Utilities,6.64,4.83
Kotak Transportation & Logistics Reg,Regular,44728,#N/A,Adani Ports,Industrials,32.78,4.71
Kotak Transportation & Logistics Reg,Regular,44728,#N/A,Swiggy,Technology,--,3.91
Kotak Transportation & Logistics Reg,Regular,44728,#N/A,Eternal,Technology,631.76,4.35
Mahindra Manulife Income Plus Arbitrage Active FOF Reg,Regular,45640,#N/A,Mahindra Manulife Arbitrage Direct-G,Unspecified,--,41.14
Mirae Asset Income Plus Arbitrage Active FoF Reg,Regular,45246,#N/A,Mirae Asset Arbitrage Direct-G,Unspecified,--,36.68
Mirae Asset Nifty EV and New Age Automotive ETF,Regular,44406,#N/A,Mahindra & Mahindra,Consumer Discretionary,21.47,7.42
Mirae Asset Nifty EV and New Age Automotive ETF,Regular,44406,#N/A,Sona BLW Precision,Consumer Discretionary,57.21,4.46
Mirae Asset Nifty EV and New Age Automotive ETF,Regular,44406,#N/A,CG Power,Industrials,118.53,4.43
Mirae Asset Nifty EV and New Age Automotive ETF,Regular,44406,#N/A,KEI,Industrials,53.8,4.28
Mirae Asset Nifty EV and New Age Automotive ETF,Regular,44406,#N/A,Samvardhana Motherson,Consumer Discretionary,38.86,3.96
Mirae Asset Nifty EV and New Age Automotive ETF,Regular,44406,#N/A,UNO Minda,Consumer Discretionary,51.94,3.77
Mirae Asset Nifty EV and New Age Automotive ETF,Regular,44406,#N/A,Bajaj Auto,Consumer Discretionary,26.38,3.54
Mirae Asset Nifty EV and New Age Automotive ETF,Regular,44406,#N/A,Reliance Ind,Energy & Utilities,21.1,3.68
Mirae Asset Nifty EV and New Age Automotive ETF,Regular,44406,#N/A,Bosch,Consumer Discretionary,40.19,4.35
Mirae Asset Nifty EV and New Age Automotive ETF,Regular,44406,#N/A,Maruti Suzuki,Consumer Discretionary,28.01,7.76
Nippon India Income Plus Arbitrage Active FoF Reg,Regular,45224,#N/A,Nippon India Arbitrage Direct-G,Unspecified,--,41.51
Nippon India Nifty Auto ETF,Regular,41938,#N/A,Mahindra & Mahindra,Consumer Discretionary,21.47,23.12
Nippon India Nifty Auto ETF,Regular,41938,#N/A,Bharat Forge,Consumer Discretionary,86.38,4.43
Nippon India Nifty Auto ETF,Regular,41938,#N/A,Hero Motocorp,Consumer Discretionary,16.92,5.41
Nippon India Nifty Auto ETF,Regular,41938,#N/A,Samvardhana Motherson,Consumer Discretionary,38.86,5.48
Nippon India Nifty Auto ETF,Regular,41938,#N/A,TVS Motor,Consumer Discretionary,52.55,6.69
Nippon India Nifty Auto ETF,Regular,41938,#N/A,Tata Motors Passenger Vehicles,Consumer Discretionary,1.7,6.99
Nippon India Nifty Auto ETF,Regular,41938,#N/A,Eicher Motors,Consumer Discretionary,35.83,8.39
Nippon India Nifty Auto ETF,Regular,41938,#N/A,Ashok Leyland,Industrials,23.96,3.78
Nippon India Nifty Auto ETF,Regular,41938,#N/A,Maruti Suzuki,Consumer Discretionary,28.01,14.63
Nippon India Nifty Auto ETF,Regular,41938,#N/A,Bajaj Auto,Consumer Discretionary,26.38,9.85
Nippon India Nifty Auto Index Reg,Regular,44706,#N/A,Samvardhana Motherson,Consumer Discretionary,38.86,5.46
Nippon India Nifty Auto Index Reg,Regular,44706,#N/A,Eicher Motors,Consumer Discretionary,35.83,8.37
Nippon India Nifty Auto Index Reg,Regular,44706,#N/A,Tata Motors Passenger Vehicles,Consumer Discretionary,1.7,6.97
Nippon India Nifty Auto Index Reg,Regular,44706,#N/A,Hero Motocorp,Consumer Discretionary,16.92,5.39
Nippon India Nifty Auto Index Reg,Regular,44706,#N/A,Bharat Forge,Consumer Discretionary,86.38,4.42
Nippon India Nifty Auto Index Reg,Regular,44706,#N/A,Ashok Leyland,Industrials,23.96,3.77
Nippon India Nifty Auto Index Reg,Regular,44706,#N/A,Bajaj Auto,Consumer Discretionary,26.38,9.82
Nippon India Nifty Auto Index Reg,Regular,44706,#N/A,Maruti Suzuki,Consumer Discretionary,28.01,14.59
Nippon India Nifty Auto Index Reg,Regular,44706,#N/A,TVS Motor,Consumer Discretionary,52.55,6.67
Nippon India Nifty Auto Index Reg,Regular,44706,#N/A,Mahindra & Mahindra,Consumer Discretionary,21.47,23.05
SBI Automotive Opportunities Reg,Regular,44345,#N/A,Samvardhana Motherson,Consumer Discretionary,38.86,4.5
SBI Automotive Opportunities Reg,Regular,44345,#N/A,ZF Commercial,Consumer Discretionary,53.98,2.83
SBI Automotive Opportunities Reg,Regular,44345,#N/A,Tata Motors,Industrials,44.35,2.93
SBI Automotive Opportunities Reg,Regular,44345,#N/A,Sansera Eng,Consumer Discretionary,55.48,3.09
SBI Automotive Opportunities Reg,Regular,44345,#N/A,Mahindra & Mahindra,Consumer Discretionary,21.47,15
SBI Automotive Opportunities Reg,Regular,44345,#N/A,Eicher Motors,Consumer Discretionary,35.83,7.21
SBI Automotive Opportunities Reg,Regular,44345,#N/A,Maruti Suzuki,Consumer Discretionary,28.01,6.08
SBI Automotive Opportunities Reg,Regular,44345,#N/A,TVS Motor,Consumer Discretionary,52.55,5.18
SBI Automotive Opportunities Reg,Regular,44345,#N/A,Bharat Forge,Consumer Discretionary,86.38,4.54
SBI Automotive Opportunities Reg,Regular,44345,#N/A,Sona BLW Precision,Consumer Discretionary,57.21,4.46
SBI Income Plus Arbitrage Active FoF Reg,Regular,45123,#N/A,SBI Arbitrage Opportunities Direct-G,Unspecified,--,39.06
Sundaram Income Plus Arbitrage Active FoF Reg*,Regular,45753,#N/A,Tata Arbitrage Direct-G,Unspecified,--,7.08
Sundaram Income Plus Arbitrage Active FoF Reg*,Regular,45753,#N/A,Invesco India Arbitrage Direct-G,Unspecified,--,7.84
Sundaram Income Plus Arbitrage Active FoF Reg*,Regular,45753,#N/A,Sundaram Arbitrage Direct-G,Unspecified,--,23.43
Tata Income Plus Arbitrage Active FoF Reg,Regular,45155,#N/A,Tata Arbitrage Direct-G,Unspecified,--,39.65
Tata Nifty Auto Index Reg,Regular,44263,#N/A,Bharat Forge,Consumer Discretionary,86.38,4.43
Tata Nifty Auto Index Reg,Regular,44263,#N/A,Mahindra & Mahindra,Consumer Discretionary,21.47,23.12
Tata Nifty Auto Index Reg,Regular,44263,#N/A,Maruti Suzuki,Consumer Discretionary,28.01,14.63
Tata Nifty Auto Index Reg,Regular,44263,#N/A,Bajaj Auto,Consumer Discretionary,26.38,9.84
Tata Nifty Auto Index Reg,Regular,44263,#N/A,Eicher Motors,Consumer Discretionary,35.83,8.39
Tata Nifty Auto Index Reg,Regular,44263,#N/A,Tata Motors Passenger Vehicles,Consumer Discretionary,1.7,7.01
Tata Nifty Auto Index Reg,Regular,44263,#N/A,TVS Motor,Consumer Discretionary,52.55,6.69
Tata Nifty Auto Index Reg,Regular,44263,#N/A,Samvardhana Motherson,Consumer Discretionary,38.86,5.48
Tata Nifty Auto Index Reg,Regular,44263,#N/A,Hero Motocorp,Consumer Discretionary,16.92,5.41
Tata Nifty Auto Index Reg,Regular,44263,#N/A,Ashok Leyland,Industrials,23.96,3.78
UTI Income Plus Arbitrage Active FoF Reg,Regular,45084,#N/A,UTI Arbitrage Direct-G,Unspecified,--,36.43
UTI Transportation & Logistics Reg,Regular,2142,#N/A,Hero Motocorp,Consumer Discretionary,16.92,3.92
UTI Transportation & Logistics Reg,Regular,2142,#N/A,Hyundai Motor India,Consumer Discretionary,28.29,3.92
UTI Transportation & Logistics Reg,Regular,2142,#N/A,Adani Ports,Industrials,32.78,6.54
UTI Transportation & Logistics Reg,Regular,2142,#N/A,Bajaj Auto,Consumer Discretionary,26.38,6.82
UTI Transportation & Logistics Reg,Regular,2142,#N/A,Interglobe Aviation,Industrials,--,2.86
UTI Transportation & Logistics Reg,Regular,2142,#N/A,Eternal,Technology,631.76,8.62
UTI Transportation & Logistics Reg,Regular,2142,#N/A,Maruti Suzuki,Consumer Discretionary,28.01,8.79
UTI Transportation & Logistics Reg,Regular,2142,#N/A,Mahindra & Mahindra,Consumer Discretionary,21.47,12.74
UTI Transportation & Logistics Reg,Regular,2142,#N/A,TVS Motor,Consumer Discretionary,52.55,3.81
UTI Transportation & Logistics Reg,Regular,2142,#N/A,Eicher Motors,Consumer Discretionary,35.83,7.79
Union Income Plus Arbitrage Active FoF Reg,Regular,45202,#N/A,Union Arbitrage Direct-G,Unspecified,--,38.34
ABSL Income Plus Arbitrage Active FoF Dir*,Direct,16883,#N/A,Aditya Birla SL Arbitrage Direct-G,Unspecified,--,37.36
ABSL Transportation and Logistics Dir,Direct,43830,#N/A,Adani Ports,Industrials,32.78,4.02
ABSL Transportation and Logistics Dir,Direct,43830,#N/A,Tata Motors,Industrials,44.35,3.53
ABSL Transportation and Logistics Dir,Direct,43830,#N/A,SEDEMAC Mechatronics,Industrials,108.41,3.89
ABSL Transportation and Logistics Dir,Direct,43830,#N/A,Minda,Consumer Discretionary,42.97,4.09
ABSL Transportation and Logistics Dir,Direct,43830,#N/A,Interglobe Aviation,Industrials,--,4.8
ABSL Transportation and Logistics Dir,Direct,43830,#N/A,TVS Motor,Consumer Discretionary,52.55,4.96
ABSL Transportation and Logistics Dir,Direct,43830,#N/A,Samvardhana Motherson,Consumer Discretionary,38.86,5.06
ABSL Transportation and Logistics Dir,Direct,43830,#N/A,Maruti Suzuki,Consumer Discretionary,28.01,7.61
ABSL Transportation and Logistics Dir,Direct,43830,#N/A,Eternal,Technology,631.76,7.71
ABSL Transportation and Logistics Dir,Direct,43830,#N/A,Mahindra & Mahindra,Consumer Discretionary,21.47,13.37
ABSL US Treasury 1-3 Year Bonds ETFs Passive FoF Dir*,Direct,43824,INF209KB16W7,--,--,--,--
ABSL US Treasury 3-10 Year Bonds ETFs Passive FoF Dir*,Direct,43820,INF209KB12X4,--,--,--,--
Axis Income Plus Arbitrage Active FoF Dir*,Direct,40524,#N/A,Aditya Birla SL Arbitrage Direct-G,Unspecified,--,19.05
Axis Income Plus Arbitrage Active FoF Dir*,Direct,40524,#N/A,Axis Arbitrage Direct-G,Unspecified,--,25.2
Axis Income Plus Arbitrage Passive FoF Dir*,Direct,45574,#N/A,Axis Arbitrage Direct-G,Unspecified,--,36.4
Axis US Specific Treasury Dynamic Debt Passive FoF Dir*,Direct,43978,INF846K017T9,--,--,--,--
Bandhan Income Plus Arbitrage Active FoF Dir,Direct,17842,#N/A,Bandhan Arbitrage Direct-G,Unspecified,--,40.98
Bandhan Transportation and Logistics Dir,Direct,42625,#N/A,Hero Motocorp,Consumer Discretionary,16.92,5.52
Bandhan Transportation and Logistics Dir,Direct,42625,#N/A,Maruti Suzuki,Consumer Discretionary,28.01,9.46
Bandhan Transportation and Logistics Dir,Direct,42625,#N/A,Mahindra & Mahindra,Consumer Discretionary,21.47,9.14
Bandhan Transportation and Logistics Dir,Direct,42625,#N/A,Bosch,Consumer Discretionary,40.19,5.22
Bandhan Transportation and Logistics Dir,Direct,42625,#N/A,Samvardhana Motherson,Consumer Discretionary,38.86,5.03
Bandhan Transportation and Logistics Dir,Direct,42625,#N/A,Bajaj Auto,Consumer Discretionary,26.38,4.71
Bandhan Transportation and Logistics Dir,Direct,42625,#N/A,Eternal,Technology,631.76,4.51
Bandhan Transportation and Logistics Dir,Direct,42625,#N/A,Hyundai Motor India,Consumer Discretionary,28.29,4.33
Bandhan Transportation and Logistics Dir,Direct,42625,#N/A,Eicher Motors,Consumer Discretionary,35.83,3.77
Bandhan Transportation and Logistics Dir,Direct,42625,#N/A,Tata Motors,Industrials,44.35,5.7
Bandhan US Treasury Bond 0-1 year Specific Debt Passive FoF Dir,Direct,43353,INF194KB1FV2,--,--,--,--
Baroda BNP Paribas Income Plus Arbitrage Active FoF Dir,Direct,45173,#N/A,Baroda BNP Paribas Arbitrage Direct-G,Unspecified,--,36.43
DSP Income Plus Arbitrage Omni FoF Dir*,Direct,27668,#N/A,DSP Arbitrage Direct-G,Unspecified,--,37.24
DSP US Specific Debt Passive FoF Dir*,Direct,44196,INF740KA1UJ6,--,--,--,--
Edelweiss Income Plus Arbitrage Omni FoF Dir*,Direct,45320,#N/A,Edelweiss Arbitrage Direct-G,Unspecified,--,38.6
Franklin India Income Plus Arbitrage Active FoF Dir*,Direct,28717,#N/A,Tata Arbitrage Direct-G,Unspecified,--,6.37
Franklin India Income Plus Arbitrage Active FoF Dir*,Direct,28717,#N/A,Franklin India Arbitrage Direct-G,Unspecified,--,19.4
Franklin India Income Plus Arbitrage Active FoF Dir*,Direct,28717,#N/A,Aditya Birla SL Arbitrage Direct-G,Unspecified,--,7.48
Franklin India Income Plus Arbitrage Active FoF Dir*,Direct,28717,#N/A,Kotak Arbitrage Direct-G,Unspecified,--,7.28
Groww Nifty EV & New Age Automotive ETF,Direct,44448,#N/A,Bajaj Auto,Consumer Discretionary,26.38,3.54
Groww Nifty EV & New Age Automotive ETF,Direct,44448,#N/A,Reliance Ind,Energy & Utilities,21.1,3.68
Groww Nifty EV & New Age Automotive ETF,Direct,44448,#N/A,UNO Minda,Consumer Discretionary,51.94,3.77
Groww Nifty EV & New Age Automotive ETF,Direct,44448,#N/A,Samvardhana Motherson,Consumer Discretionary,38.86,3.96
Groww Nifty EV & New Age Automotive ETF,Direct,44448,#N/A,KEI,Industrials,53.8,4.28
Groww Nifty EV & New Age Automotive ETF,Direct,44448,#N/A,Bosch,Consumer Discretionary,40.19,4.35
Groww Nifty EV & New Age Automotive ETF,Direct,44448,#N/A,Sona BLW Precision,Consumer Discretionary,57.21,4.46
Groww Nifty EV & New Age Automotive ETF,Direct,44448,#N/A,Mahindra & Mahindra,Consumer Discretionary,21.47,7.43
Groww Nifty EV & New Age Automotive ETF,Direct,44448,#N/A,Maruti Suzuki,Consumer Discretionary,28.01,7.76
Groww Nifty EV & New Age Automotive ETF,Direct,44448,#N/A,CG Power,Industrials,118.53,4.43
Groww Nifty EV & New Age Automotive ETF FoF Dir,Direct,44451,#N/A,Groww Nifty EV & New Age Automotive ETF-G,Unspecified,--,100.02
HDFC Income Plus Arbitrage Active FoF Dir,Direct,16648,#N/A,HDFC Arbitrage Direct-G,Unspecified,--,36.34
HDFC Income Plus Arbitrage Omni FoF Dir,Direct,45877,#N/A,HDFC Arbitrage Direct-G,Unspecified,--,35.62
HDFC Transportation and Logistics Dir,Direct,43688,#N/A,Eicher Motors,Consumer Discretionary,35.83,9.8
HDFC Transportation and Logistics Dir,Direct,43688,#N/A,Mahindra & Mahindra,Consumer Discretionary,21.47,3.63
HDFC Transportation and Logistics Dir,Direct,43688,#N/A,Eternal,Technology,631.76,4.63
HDFC Transportation and Logistics Dir,Direct,43688,#N/A,Tata Motors,Industrials,44.35,5.2
HDFC Transportation and Logistics Dir,Direct,43688,#N/A,Sona BLW Precision,Consumer Discretionary,57.21,6.88
HDFC Transportation and Logistics Dir,Direct,43688,#N/A,Gabriel India,Consumer Discretionary,57.75,5.57
HDFC Transportation and Logistics Dir,Direct,43688,#N/A,Hyundai Motor India,Consumer Discretionary,28.29,5.73
HDFC Transportation and Logistics Dir,Direct,43688,#N/A,Maruti Suzuki,Consumer Discretionary,28.01,9.15
HDFC Transportation and Logistics Dir,Direct,43688,#N/A,Hero Motocorp,Consumer Discretionary,16.92,5.26
HDFC Transportation and Logistics Dir,Direct,43688,#N/A,Bosch,Consumer Discretionary,40.19,6.98
HSBC Income Plus Arbitrage Active FoF Dir*,Direct,25868,#N/A,HSBC Arbitrage Direct-G,Unspecified,--,35.56
ICICI Pru Income Plus Arbitrage Omni FoF Dir,Direct,17836,#N/A,ICICI Pru Arbitrage Direct-G,Unspecified,--,38.2
ICICI Pru Nifty Auto ETF,Direct,41939,#N/A,Mahindra & Mahindra,Consumer Discretionary,21.47,23.12
ICICI Pru Nifty Auto ETF,Direct,41939,#N/A,Maruti Suzuki,Consumer Discretionary,28.01,14.63
ICICI Pru Nifty Auto ETF,Direct,41939,#N/A,Bajaj Auto,Consumer Discretionary,26.38,9.84
ICICI Pru Nifty Auto ETF,Direct,41939,#N/A,Eicher Motors,Consumer Discretionary,35.83,8.39
ICICI Pru Nifty Auto ETF,Direct,41939,#N/A,Tata Motors Passenger Vehicles,Consumer Discretionary,1.7,7.01
ICICI Pru Nifty Auto ETF,Direct,41939,#N/A,Bharat Forge,Consumer Discretionary,86.38,4.44
ICICI Pru Nifty Auto ETF,Direct,41939,#N/A,TVS Motor,Consumer Discretionary,52.55,6.7
ICICI Pru Nifty Auto ETF,Direct,41939,#N/A,Ashok Leyland,Industrials,23.96,3.78
ICICI Pru Nifty Auto ETF,Direct,41939,#N/A,Hero Motocorp,Consumer Discretionary,16.92,5.41
ICICI Pru Nifty Auto ETF,Direct,41939,#N/A,Samvardhana Motherson,Consumer Discretionary,38.86,5.48
ICICI Pru Nifty Auto Index Dir,Direct,42562,#N/A,Ashok Leyland,Industrials,23.96,3.78
ICICI Pru Nifty Auto Index Dir,Direct,42562,#N/A,Hero Motocorp,Consumer Discretionary,16.92,5.4
ICICI Pru Nifty Auto Index Dir,Direct,42562,#N/A,Samvardhana Motherson,Consumer Discretionary,38.86,5.48
ICICI Pru Nifty Auto Index Dir,Direct,42562,#N/A,TVS Motor,Consumer Discretionary,52.55,6.69
ICICI Pru Nifty Auto Index Dir,Direct,42562,#N/A,Tata Motors Passenger Vehicles,Consumer Discretionary,1.7,7.01
ICICI Pru Nifty Auto Index Dir,Direct,42562,#N/A,Eicher Motors,Consumer Discretionary,35.83,8.39
ICICI Pru Nifty Auto Index Dir,Direct,42562,#N/A,Bajaj Auto,Consumer Discretionary,26.38,9.84
ICICI Pru Nifty Auto Index Dir,Direct,42562,#N/A,Maruti Suzuki,Consumer Discretionary,28.01,14.62
ICICI Pru Nifty Auto Index Dir,Direct,42562,#N/A,Mahindra & Mahindra,Consumer Discretionary,21.47,23.11
ICICI Pru Nifty Auto Index Dir,Direct,42562,#N/A,Bharat Forge,Consumer Discretionary,86.38,4.43
ICICI Pru Nifty EV & New Age Automotive ETF,Direct,45083,#N/A,Exide,Consumer Discretionary,38.41,3.6
ICICI Pru Nifty EV & New Age Automotive ETF,Direct,45083,#N/A,Bajaj Auto,Consumer Discretionary,26.38,3.61
ICICI Pru Nifty EV & New Age Automotive ETF,Direct,45083,#N/A,UNO Minda,Consumer Discretionary,51.94,3.65
ICICI Pru Nifty EV & New Age Automotive ETF,Direct,45083,#N/A,Bosch,Consumer Discretionary,40.19,4.31
ICICI Pru Nifty EV & New Age Automotive ETF,Direct,45083,#N/A,Sona BLW Precision,Consumer Discretionary,57.21,4.36
ICICI Pru Nifty EV & New Age Automotive ETF,Direct,45083,#N/A,KEI,Industrials,53.8,4.52
ICICI Pru Nifty EV & New Age Automotive ETF,Direct,45083,#N/A,CG Power,Industrials,118.53,4.88
ICICI Pru Nifty EV & New Age Automotive ETF,Direct,45083,#N/A,Mahindra & Mahindra,Consumer Discretionary,21.47,7.13
ICICI Pru Nifty EV & New Age Automotive ETF,Direct,45083,#N/A,Maruti Suzuki,Consumer Discretionary,28.01,7.47
ICICI Pru Nifty EV & New Age Automotive ETF,Direct,45083,#N/A,Samvardhana Motherson,Consumer Discretionary,38.86,4.65
ICICI Pru Nifty EV & New Age Automotive ETF FoF Dir,Direct,45088,#N/A,ICICI Pru Nifty EV & New Age Automotive ETF-G,Unspecified,--,99.2
ICICI Pru Transportation and Logistics Dir,Direct,42621,#N/A,Samvardhana Motherson,Consumer Discretionary,38.86,3.12
ICICI Pru Transportation and Logistics Dir,Direct,42621,#N/A,TVS Motor,Consumer Discretionary,52.55,6.01
ICICI Pru Transportation and Logistics Dir,Direct,42621,#N/A,Bajaj Auto,Consumer Discretionary,26.38,6.38
ICICI Pru Transportation and Logistics Dir,Direct,42621,#N/A,Interglobe Aviation,Industrials,--,6.51
ICICI Pru Transportation and Logistics Dir,Direct,42621,#N/A,Maruti Suzuki,Consumer Discretionary,28.01,7.49
ICICI Pru Transportation and Logistics Dir,Direct,42621,#N/A,Eternal,Technology,631.76,8.93
ICICI Pru Transportation and Logistics Dir,Direct,42621,#N/A,Mahindra & Mahindra,Consumer Discretionary,21.47,12.12
ICICI Pru Transportation and Logistics Dir,Direct,42621,#N/A,Eicher Motors,Consumer Discretionary,35.83,3.2
ICICI Pru Transportation and Logistics Dir,Direct,42621,#N/A,Tata Motors,Industrials,44.35,3.4
ICICI Pru Transportation and Logistics Dir,Direct,42621,#N/A,Hyundai Motor India,Consumer Discretionary,28.29,4.3
Invesco India Income Plus Arbitrage Active FoF Dir,Direct,45308,#N/A,Invesco India Arbitrage Direct-G,Unspecified,--,36.95
Kotak Income Plus Arbitrage Omni FoF Dir,Direct,42757,#N/A,--,--,--,--
Kotak Transportation & Logistics Dir,Direct,44730,#N/A,Bajaj Auto,Consumer Discretionary,26.38,4.86
Kotak Transportation & Logistics Dir,Direct,44730,#N/A,Interglobe Aviation,Industrials,--,5.29
Kotak Transportation & Logistics Dir,Direct,44730,#N/A,ZF Commercial,Consumer Discretionary,53.98,5.3
Kotak Transportation & Logistics Dir,Direct,44730,#N/A,Mahindra & Mahindra,Consumer Discretionary,21.47,6.38
Kotak Transportation & Logistics Dir,Direct,44730,#N/A,Hero Motocorp,Consumer Discretionary,16.92,8.73
Kotak Transportation & Logistics Dir,Direct,44730,#N/A,Maruti Suzuki,Consumer Discretionary,28.01,9.14
Kotak Transportation & Logistics Dir,Direct,44730,#N/A,Great Eastern Ship,Energy & Utilities,6.64,4.83
Kotak Transportation & Logistics Dir,Direct,44730,#N/A,Adani Ports,Industrials,32.78,4.71
Kotak Transportation & Logistics Dir,Direct,44730,#N/A,Swiggy,Technology,--,3.91
Kotak Transportation & Logistics Dir,Direct,44730,#N/A,Eternal,Technology,631.76,4.35
Mahindra Manulife Income Plus Arbitrage Active FOF Dir,Direct,45642,#N/A,Mahindra Manulife Arbitrage Direct-G,Unspecified,--,41.14
Mirae Asset Income Plus Arbtg Active FoF Dir,Direct,45248,#N/A,Mirae Asset Arbitrage Direct-G,Unspecified,--,36.68
Mirae Asset Nifty EV and New Age Automotive ETF,Direct,44406,#N/A,Mahindra & Mahindra,Consumer Discretionary,21.47,7.42
Mirae Asset Nifty EV and New Age Automotive ETF,Direct,44406,#N/A,Sona BLW Precision,Consumer Discretionary,57.21,4.46
Mirae Asset Nifty EV and New Age Automotive ETF,Direct,44406,#N/A,CG Power,Industrials,118.53,4.43
Mirae Asset Nifty EV and New Age Automotive ETF,Direct,44406,#N/A,KEI,Industrials,53.8,4.28
Mirae Asset Nifty EV and New Age Automotive ETF,Direct,44406,#N/A,Samvardhana Motherson,Consumer Discretionary,38.86,3.96
Mirae Asset Nifty EV and New Age Automotive ETF,Direct,44406,#N/A,UNO Minda,Consumer Discretionary,51.94,3.77
Mirae Asset Nifty EV and New Age Automotive ETF,Direct,44406,#N/A,Bajaj Auto,Consumer Discretionary,26.38,3.54
Mirae Asset Nifty EV and New Age Automotive ETF,Direct,44406,#N/A,Reliance Ind,Energy & Utilities,21.1,3.68
Mirae Asset Nifty EV and New Age Automotive ETF,Direct,44406,#N/A,Bosch,Consumer Discretionary,40.19,4.35
Mirae Asset Nifty EV and New Age Automotive ETF,Direct,44406,#N/A,Maruti Suzuki,Consumer Discretionary,28.01,7.76
Nippon India Income Plus Arbitrage Active FoF Dir,Direct,45226,#N/A,Nippon India Arbitrage Direct-G,Unspecified,--,41.51
Nippon India Nifty Auto ETF,Direct,41938,#N/A,Mahindra & Mahindra,Consumer Discretionary,21.47,23.12
Nippon India Nifty Auto ETF,Direct,41938,#N/A,Bharat Forge,Consumer Discretionary,86.38,4.43
Nippon India Nifty Auto ETF,Direct,41938,#N/A,Hero Motocorp,Consumer Discretionary,16.92,5.41
Nippon India Nifty Auto ETF,Direct,41938,#N/A,Samvardhana Motherson,Consumer Discretionary,38.86,5.48
Nippon India Nifty Auto ETF,Direct,41938,#N/A,TVS Motor,Consumer Discretionary,52.55,6.69
Nippon India Nifty Auto ETF,Direct,41938,#N/A,Tata Motors Passenger Vehicles,Consumer Discretionary,1.7,6.99
Nippon India Nifty Auto ETF,Direct,41938,#N/A,Eicher Motors,Consumer Discretionary,35.83,8.39
Nippon India Nifty Auto ETF,Direct,41938,#N/A,Ashok Leyland,Industrials,23.96,3.78
Nippon India Nifty Auto ETF,Direct,41938,#N/A,Maruti Suzuki,Consumer Discretionary,28.01,14.63
Nippon India Nifty Auto ETF,Direct,41938,#N/A,Bajaj Auto,Consumer Discretionary,26.38,9.85
Nippon India Nifty Auto Index Dir,Direct,44708,#N/A,Samvardhana Motherson,Consumer Discretionary,38.86,5.46
Nippon India Nifty Auto Index Dir,Direct,44708,#N/A,Eicher Motors,Consumer Discretionary,35.83,8.37
Nippon India Nifty Auto Index Dir,Direct,44708,#N/A,Tata Motors Passenger Vehicles,Consumer Discretionary,1.7,6.97
Nippon India Nifty Auto Index Dir,Direct,44708,#N/A,Hero Motocorp,Consumer Discretionary,16.92,5.39
Nippon India Nifty Auto Index Dir,Direct,44708,#N/A,Bharat Forge,Consumer Discretionary,86.38,4.42
Nippon India Nifty Auto Index Dir,Direct,44708,#N/A,Ashok Leyland,Industrials,23.96,3.77
Nippon India Nifty Auto Index Dir,Direct,44708,#N/A,Bajaj Auto,Consumer Discretionary,26.38,9.82
Nippon India Nifty Auto Index Dir,Direct,44708,#N/A,Maruti Suzuki,Consumer Discretionary,28.01,14.59
Nippon India Nifty Auto Index Dir,Direct,44708,#N/A,TVS Motor,Consumer Discretionary,52.55,6.67
Nippon India Nifty Auto Index Dir,Direct,44708,#N/A,Mahindra & Mahindra,Consumer Discretionary,21.47,23.05
SBI Automotive Opportunities Dir,Direct,44347,#N/A,Samvardhana Motherson,Consumer Discretionary,38.86,4.5
SBI Automotive Opportunities Dir,Direct,44347,#N/A,ZF Commercial,Consumer Discretionary,53.98,2.83
SBI Automotive Opportunities Dir,Direct,44347,#N/A,Tata Motors,Industrials,44.35,2.93
SBI Automotive Opportunities Dir,Direct,44347,#N/A,Sansera Eng,Consumer Discretionary,55.48,3.09
SBI Automotive Opportunities Dir,Direct,44347,#N/A,Mahindra & Mahindra,Consumer Discretionary,21.47,15
SBI Automotive Opportunities Dir,Direct,44347,#N/A,Eicher Motors,Consumer Discretionary,35.83,7.21
SBI Automotive Opportunities Dir,Direct,44347,#N/A,Maruti Suzuki,Consumer Discretionary,28.01,6.08
SBI Automotive Opportunities Dir,Direct,44347,#N/A,TVS Motor,Consumer Discretionary,52.55,5.18
SBI Automotive Opportunities Dir,Direct,44347,#N/A,Bharat Forge,Consumer Discretionary,86.38,4.54
SBI Automotive Opportunities Dir,Direct,44347,#N/A,Sona BLW Precision,Consumer Discretionary,57.21,4.46
SBI Income Plus Arbitrage Active FoF Dir,Direct,45125,#N/A,SBI Arbitrage Opportunities Direct-G,Unspecified,--,39.06
Sundaram Income Plus Arbitrage Active FoF Dir*,Direct,45755,#N/A,Tata Arbitrage Direct-G,Unspecified,--,7.08
Sundaram Income Plus Arbitrage Active FoF Dir*,Direct,45755,#N/A,Invesco India Arbitrage Direct-G,Unspecified,--,7.84
Sundaram Income Plus Arbitrage Active FoF Dir*,Direct,45755,#N/A,Sundaram Arbitrage Direct-G,Unspecified,--,23.43
Tata Income Plus Arbitrage Active FoF Dir,Direct,45157,#N/A,Tata Arbitrage Direct-G,Unspecified,--,39.65
Tata Nifty Auto Index Dir,Direct,44265,#N/A,Bharat Forge,Consumer Discretionary,86.38,4.43
Tata Nifty Auto Index Dir,Direct,44265,#N/A,Mahindra & Mahindra,Consumer Discretionary,21.47,23.12
Tata Nifty Auto Index Dir,Direct,44265,#N/A,Maruti Suzuki,Consumer Discretionary,28.01,14.63
Tata Nifty Auto Index Dir,Direct,44265,#N/A,Bajaj Auto,Consumer Discretionary,26.38,9.84
Tata Nifty Auto Index Dir,Direct,44265,#N/A,Eicher Motors,Consumer Discretionary,35.83,8.39
Tata Nifty Auto Index Dir,Direct,44265,#N/A,Tata Motors Passenger Vehicles,Consumer Discretionary,1.7,7.01
Tata Nifty Auto Index Dir,Direct,44265,#N/A,TVS Motor,Consumer Discretionary,52.55,6.69
Tata Nifty Auto Index Dir,Direct,44265,#N/A,Samvardhana Motherson,Consumer Discretionary,38.86,5.48
Tata Nifty Auto Index Dir,Direct,44265,#N/A,Hero Motocorp,Consumer Discretionary,16.92,5.41
Tata Nifty Auto Index Dir,Direct,44265,#N/A,Ashok Leyland,Industrials,23.96,3.78
UTI Income Plus Arbitrage Active FoF Dir,Direct,45085,#N/A,UTI Arbitrage Direct-G,Unspecified,--,36.43
UTI Transportation & Logistics Dir,Direct,15955,#N/A,Hero Motocorp,Consumer Discretionary,16.92,3.92
UTI Transportation & Logistics Dir,Direct,15955,#N/A,Hyundai Motor India,Consumer Discretionary,28.29,3.92
UTI Transportation & Logistics Dir,Direct,15955,#N/A,Adani Ports,Industrials,32.78,6.54
UTI Transportation & Logistics Dir,Direct,15955,#N/A,Bajaj Auto,Consumer Discretionary,26.38,6.82
UTI Transportation & Logistics Dir,Direct,15955,#N/A,Interglobe Aviation,Industrials,--,2.86
UTI Transportation & Logistics Dir,Direct,15955,#N/A,Eternal,Technology,631.76,8.62
UTI Transportation & Logistics Dir,Direct,15955,#N/A,Maruti Suzuki,Consumer Discretionary,28.01,8.79
UTI Transportation & Logistics Dir,Direct,15955,#N/A,Mahindra & Mahindra,Consumer Discretionary,21.47,12.74
UTI Transportation & Logistics Dir,Direct,15955,#N/A,TVS Motor,Consumer Discretionary,52.55,3.81
UTI Transportation & Logistics Dir,Direct,15955,#N/A,Eicher Motors,Consumer Discretionary,35.83,7.79
Union Income Plus Arbitrage Active FoF Dir,Direct,45204,#N/A,Union Arbitrage Direct-G,Unspecified,--,38.34